"","date","Depth","nrecs","MeanTemp","MinTemp","MaxTemp","bin","MeanPDT"
"1",2020-08-14,0,11,16.5063636363636,15.56,17.59,1,16.575
"2",2020-08-14,4,2,16.83,16.83,16.83,2,16.83
"3",2020-08-14,8,1,14.04,14.04,14.04,3,14.04
"4",2020-08-14,12,2,14.925,14.54,15.31,4,14.925
"5",2020-08-14,20,1,14.04,14.04,14.04,5,14.04
"6",2020-08-14,24,4,14.415,14.29,14.54,6,14.415
"7",2020-08-14,28,3,14.29,14.29,14.29,7,14.29
"8",2020-08-14,36,1,13.78,13.78,13.78,8,13.78
"9",2020-08-14,40,4,13.5925,13.02,14.04,9,13.53
"10",2020-08-14,44,7,13.5642857142857,12.51,14.04,10,13.275
"11",2020-08-14,48,3,13.78,13.78,13.78,11,13.78
"12",2020-08-14,52,8,13.33875,12.51,14.04,12,13.275
"13",2020-08-14,56,3,13.2733333333333,12.51,14.04,13,13.275
"14",2020-08-15,0,13,16.0884615384615,15.56,16.58,1,16.07
"15",2020-08-15,8,3,15.39,15.05,15.81,2,15.43
"16",2020-08-15,12,2,14.54,14.54,14.54,3,14.54
"17",2020-08-15,16,2,14.415,14.29,14.54,4,14.415
"18",2020-08-15,20,2,14.165,14.04,14.29,5,14.165
"19",2020-08-15,24,1,14.29,14.29,14.29,6,14.29
"20",2020-08-15,28,3,13.95,13.27,14.29,7,13.78
"21",2020-08-15,32,4,14.225,13.78,14.54,8,14.16
"22",2020-08-15,36,9,14.0088888888889,13.02,14.54,9,13.78
"23",2020-08-15,40,1,12.51,12.51,12.51,10,12.51
"24",2020-08-15,44,1,13.27,13.27,13.27,11,13.27
"25",2020-08-15,48,3,12.4266666666667,12.26,12.51,12,12.385
"26",2020-08-15,52,1,12.77,12.77,12.77,13,12.77
"27",2020-08-15,60,2,12.13,12,12.26,14,12.13
"28",2020-08-16,0,18,15.605,15.31,16.32,1,15.815
"29",2020-08-16,4,6,15.5183333333333,15.31,15.81,2,15.56
"30",2020-08-16,8,3,15.3933333333333,15.31,15.56,3,15.435
"31",2020-08-16,12,6,15.0116666666667,14.54,15.31,4,14.925
"32",2020-08-16,16,1,14.8,14.8,14.8,5,14.8
"33",2020-08-16,20,2,14.795,14.54,15.05,6,14.795
"34",2020-08-16,24,3,14.2066666666667,13.78,14.8,7,14.29
"35",2020-08-16,28,5,13.988,13.53,14.29,8,13.91
"36",2020-08-16,32,5,13.988,13.78,14.04,9,13.91
"37",2020-08-16,36,2,13.655,13.27,14.04,10,13.655
"38",2020-08-16,40,5,13.326,12.51,14.04,11,13.275
"39",2020-08-16,44,1,12.26,12.26,12.26,12,12.26
"40",2020-08-16,48,1,12.26,12.26,12.26,13,12.26
"41",2020-08-16,60,2,12,12,12,14,12
"42",2020-08-17,0,20,15.954,15.31,16.32,1,15.815
"43",2020-08-17,4,11,15.7190909090909,15.56,15.81,2,15.685
"44",2020-08-17,8,8,15.465,15.05,15.81,3,15.43
"45",2020-08-17,12,12,15.3083333333333,15.05,15.56,4,15.305
"46",2020-08-17,16,6,14.9666666666667,14.54,15.31,5,14.925
"47",2020-08-17,20,1,15.31,15.31,15.31,6,15.31
"48",2020-08-17,24,1,14.8,14.8,14.8,7,14.8
"49",2020-08-17,44,1,13.78,13.78,13.78,8,13.78
"50",2020-08-18,0,20,16.1325,16.07,16.32,1,16.195
"51",2020-08-18,4,6,15.94,15.81,16.07,2,15.94
"52",2020-08-18,8,5,15.41,15.31,15.56,3,15.435
"53",2020-08-18,12,12,15.2666666666667,14.8,15.56,4,15.18
"54",2020-08-18,16,14,15.18,14.8,15.56,5,15.18
"55",2020-08-18,20,1,14.8,14.8,14.8,6,14.8
"56",2020-08-18,24,1,14.54,14.54,14.54,7,14.54
"57",2020-08-18,28,1,14.04,14.04,14.04,8,14.04
"58",2020-08-19,0,22,16.1154545454545,16.07,16.32,1,16.195
"59",2020-08-19,4,10,16.044,15.56,16.32,2,15.94
"60",2020-08-19,8,3,15.8166666666667,15.31,16.07,3,15.69
"61",2020-08-19,12,9,15.73,15.31,16.07,4,15.69
"62",2020-08-19,16,6,15.265,14.29,15.81,5,15.05
"63",2020-08-19,20,3,14.4566666666667,14.29,14.54,6,14.415
"64",2020-08-19,24,1,14.29,14.29,14.29,7,14.29
"65",2020-08-20,0,12,14.925,14.8,15.05,1,14.925
"66",2020-08-20,4,12,14.945,14.54,15.05,2,14.795
"67",2020-08-20,8,9,14.8266666666667,14.54,15.05,3,14.795
"68",2020-08-20,12,3,14.8833333333333,14.8,15.05,4,14.925
"69",2020-08-20,16,5,14.748,14.54,14.8,5,14.67
"70",2020-08-20,24,3,14.7966666666667,14.54,15.05,6,14.795
"71",2020-08-20,28,5,14.542,14.29,14.8,7,14.545
"72",2020-08-20,32,4,14.3525,14.04,14.54,8,14.29
"73",2020-08-20,36,2,14.165,14.04,14.29,9,14.165
"74",2020-08-20,40,3,14.2066666666667,14.04,14.29,10,14.165
"75",2020-08-20,44,1,13.78,13.78,13.78,11,13.78
"76",2020-08-20,48,1,12.51,12.51,12.51,12,12.51
"77",2020-08-21,0,19,14.9852631578947,14.8,15.31,1,15.055
"78",2020-08-21,4,6,14.9666666666667,14.8,15.05,2,14.925
"79",2020-08-21,8,6,14.9666666666667,14.8,15.05,3,14.925
"80",2020-08-21,12,2,14.8,14.8,14.8,4,14.8
"81",2020-08-21,16,2,15.05,15.05,15.05,5,15.05
"82",2020-08-21,20,2,14.925,14.8,15.05,6,14.925
"83",2020-08-21,24,4,14.735,14.04,15.05,7,14.545
"84",2020-08-21,28,2,14.54,14.54,14.54,8,14.54
"85",2020-08-21,32,9,14.1488888888889,13.53,14.54,9,14.035
"86",2020-08-21,36,5,13.986,13.53,14.54,10,14.035
"87",2020-08-21,44,3,14.2066666666667,14.04,14.54,11,14.29
"88",2020-08-22,0,11,15.1463636363636,14.8,15.56,1,15.18
"89",2020-08-22,4,10,15.052,14.8,15.31,2,15.055
"90",2020-08-22,8,7,15.0157142857143,14.8,15.31,3,15.055
"91",2020-08-22,12,5,15.154,15.05,15.31,4,15.18
"92",2020-08-22,16,3,14.9666666666667,14.8,15.05,5,14.925
"93",2020-08-22,20,4,14.9875,14.8,15.05,6,14.925
"94",2020-08-22,24,4,14.86,14.54,15.05,7,14.795
"95",2020-08-22,28,6,14.7133333333333,14.04,15.05,8,14.545
"96",2020-08-22,32,4,14.2875,13.78,14.54,9,14.16
"97",2020-08-22,36,4,14.6075,14.29,14.8,10,14.545
"98",2020-08-22,40,2,14.545,14.29,14.8,11,14.545
"99",2020-08-23,0,3,15.1366666666667,15.05,15.31,1,15.18
"100",2020-08-23,4,5,15.05,15.05,15.05,2,15.05
"101",2020-08-23,8,3,14.9666666666667,14.8,15.05,3,14.925
"102",2020-08-23,12,5,15,14.8,15.05,4,14.925
"103",2020-08-23,16,9,15.05,15.05,15.05,5,15.05
"104",2020-08-23,20,11,14.9818181818182,14.8,15.05,6,14.925
"105",2020-08-23,24,10,14.925,14.8,15.05,7,14.925
"106",2020-08-23,28,8,14.83125,14.8,15.05,8,14.925
"107",2020-08-23,32,5,14.696,14.54,14.8,9,14.67
"108",2020-08-23,40,1,14.04,14.04,14.04,10,14.04
"109",2020-08-24,0,8,15.0825,15.05,15.31,1,15.18
"110",2020-08-24,4,15,15.0673333333333,15.05,15.31,2,15.18
"111",2020-08-24,8,7,15.0871428571429,15.05,15.31,3,15.18
"112",2020-08-24,12,3,15.05,15.05,15.05,4,15.05
"113",2020-08-24,16,4,15.05,15.05,15.05,5,15.05
"114",2020-08-24,20,10,15.076,15.05,15.31,6,15.18
"115",2020-08-24,24,4,14.925,14.8,15.05,7,14.925
"116",2020-08-24,28,7,14.9785714285714,14.8,15.05,8,14.925
"117",2020-08-24,32,1,14.8,14.8,14.8,9,14.8
"118",2020-08-24,36,1,14.8,14.8,14.8,10,14.8
"119",2020-08-25,0,11,14.8454545454545,14.8,15.05,1,14.925
"120",2020-08-25,4,5,14.9,14.8,15.05,2,14.925
"121",2020-08-25,8,5,14.9,14.8,15.05,3,14.925
"122",2020-08-25,12,8,14.8625,14.8,15.05,4,14.925
"123",2020-08-25,16,7,14.8714285714286,14.8,15.05,5,14.925
"124",2020-08-25,20,7,14.8714285714286,14.8,15.05,6,14.925
"125",2020-08-25,24,5,14.8,14.8,14.8,7,14.8
"126",2020-08-25,32,4,14.8,14.8,14.8,8,14.8
"127",2020-08-25,36,2,14.8,14.8,14.8,9,14.8
"128",2020-08-25,40,1,14.8,14.8,14.8,10,14.8
"129",2020-08-25,44,1,12.51,12.51,12.51,11,12.51
"130",2020-08-25,48,2,13.53,12.26,14.8,12,13.53
"131",2020-08-25,56,1,13.27,13.27,13.27,13,13.27
"132",2020-08-25,68,1,10.48,10.48,10.48,14,10.48
"133",2020-08-26,0,13,15.21,15.05,15.31,1,15.18
"134",2020-08-26,4,8,14.9875,14.8,15.05,2,14.925
"135",2020-08-26,8,3,15.05,15.05,15.05,3,15.05
"136",2020-08-26,12,4,14.925,14.8,15.05,4,14.925
"137",2020-08-26,16,4,14.735,14.29,15.05,5,14.67
"138",2020-08-26,20,5,14.696,14.54,14.8,6,14.67
"139",2020-08-26,24,5,14.8,14.8,14.8,7,14.8
"140",2020-08-26,28,5,14.8,14.8,14.8,8,14.8
"141",2020-08-26,32,4,14.605,14.54,14.8,9,14.67
"142",2020-08-26,36,4,14.355,13.78,14.8,10,14.29
"143",2020-08-26,40,4,14.6075,14.29,14.8,11,14.545
"144",2020-08-26,56,1,12.77,12.77,12.77,12,12.77
"145",2020-08-27,0,8,15.115,15.05,15.31,1,15.18
"146",2020-08-27,4,8,15.05,15.05,15.05,2,15.05
"147",2020-08-27,8,5,15.05,15.05,15.05,3,15.05
"148",2020-08-27,12,12,14.8191666666667,14.54,15.05,4,14.795
"149",2020-08-27,16,5,14.9,14.8,15.05,5,14.925
"150",2020-08-27,20,6,14.8,14.8,14.8,6,14.8
"151",2020-08-27,24,5,14.8,14.8,14.8,7,14.8
"152",2020-08-27,28,5,14.8,14.8,14.8,8,14.8
"153",2020-08-27,32,5,14.698,14.29,14.8,9,14.545
"154",2020-08-27,36,1,14.8,14.8,14.8,10,14.8
"155",2020-08-28,0,8,14.8,14.8,14.8,1,14.8
"156",2020-08-28,4,9,14.8277777777778,14.8,15.05,2,14.925
"157",2020-08-28,8,10,14.774,14.54,14.8,3,14.67
"158",2020-08-28,12,5,14.8,14.8,14.8,4,14.8
"159",2020-08-28,16,6,14.8416666666667,14.8,15.05,5,14.925
"160",2020-08-28,20,5,14.8,14.8,14.8,6,14.8
"161",2020-08-28,24,4,14.8,14.8,14.8,7,14.8
"162",2020-08-28,28,5,14.748,14.54,14.8,8,14.67
"163",2020-08-28,32,7,14.5442857142857,14.04,14.8,9,14.42
"164",2020-08-28,40,1,14.04,14.04,14.04,10,14.04
"165",2020-08-29,4,3,13.9533333333333,13.78,14.04,1,13.91
"166",2020-08-29,8,4,14.04,14.04,14.04,2,14.04
"167",2020-08-29,16,4,14.4175,14.04,14.8,3,14.42
"168",2020-08-29,20,10,14.57,14.04,15.05,4,14.545
"169",2020-08-29,24,19,14.4515789473684,14.04,14.8,5,14.42
"170",2020-08-29,28,9,14.6011111111111,14.04,14.8,6,14.42
"171",2020-08-29,32,4,14.67,14.54,14.8,7,14.67
"172",2020-08-29,36,4,14.61,14.04,14.8,8,14.42
"173",2020-08-29,40,1,14.29,14.29,14.29,9,14.29
"174",2020-08-29,56,1,10.99,10.99,10.99,10,10.99
"175",2020-08-29,60,1,11.24,11.24,11.24,11,11.24
"176",2020-08-30,0,6,15.265,15.05,15.56,1,15.305
"177",2020-08-30,4,7,14.8,14.8,14.8,2,14.8
"178",2020-08-30,8,10,14.724,14.04,14.8,3,14.42
"179",2020-08-30,12,7,14.6542857142857,14.04,14.8,4,14.42
"180",2020-08-30,16,4,14.6725,14.29,14.8,5,14.545
"181",2020-08-30,20,6,14.5433333333333,14.29,14.8,6,14.545
"182",2020-08-30,24,7,14.5785714285714,14.29,14.8,7,14.545
"183",2020-08-30,28,6,14.5866666666667,14.29,14.8,8,14.545
"184",2020-08-30,32,4,14.67,14.54,14.8,9,14.67
"185",2020-08-30,36,2,14.165,14.04,14.29,10,14.165
"186",2020-08-30,52,1,13.78,13.78,13.78,11,13.78
"187",2020-08-31,0,9,14.7711111111111,14.54,14.8,1,14.67
"188",2020-08-31,4,9,14.8,14.8,14.8,2,14.8
"189",2020-08-31,8,8,14.8,14.8,14.8,3,14.8
"190",2020-08-31,12,10,14.774,14.54,14.8,4,14.67
"191",2020-08-31,16,7,14.7257142857143,14.54,14.8,5,14.67
"192",2020-08-31,20,6,14.7133333333333,14.54,14.8,6,14.67
"193",2020-08-31,24,6,14.6733333333333,14.04,14.8,7,14.42
"194",2020-08-31,28,3,14.5433333333333,14.29,14.8,8,14.545
"195",2020-08-31,40,1,14.54,14.54,14.54,9,14.54
"196",2020-08-31,44,1,14.54,14.54,14.54,10,14.54
"197",2020-09-01,0,9,14.8,14.8,14.8,1,14.8
"198",2020-09-01,4,5,14.8,14.8,14.8,2,14.8
"199",2020-09-01,8,3,14.8,14.8,14.8,3,14.8
"200",2020-09-01,12,7,14.7628571428571,14.54,14.8,4,14.67
"201",2020-09-01,16,5,14.748,14.54,14.8,5,14.67
"202",2020-09-01,20,10,14.722,14.54,14.8,6,14.67
"203",2020-09-01,24,4,14.735,14.54,14.8,7,14.67
"204",2020-09-01,28,6,14.7133333333333,14.54,14.8,8,14.67
"205",2020-09-01,32,2,14.67,14.54,14.8,9,14.67
"206",2020-09-01,40,1,13.27,13.27,13.27,10,13.27
"207",2020-09-02,0,6,14.7133333333333,14.54,14.8,1,14.67
"208",2020-09-02,8,4,14.735,14.54,14.8,2,14.67
"209",2020-09-02,12,3,14.7133333333333,14.54,14.8,3,14.67
"210",2020-09-02,16,1,14.54,14.54,14.54,4,14.54
"211",2020-09-02,20,2,14.67,14.54,14.8,5,14.67
"212",2020-09-02,24,2,14.67,14.54,14.8,6,14.67
"213",2020-09-02,28,2,14.29,14.04,14.54,7,14.29
"214",2020-09-02,32,2,14.67,14.54,14.8,8,14.67
"215",2020-09-02,36,5,14.696,14.54,14.8,9,14.67
"216",2020-09-02,40,2,14.035,13.53,14.54,10,14.035
"217",2020-09-03,0,5,14.8,14.8,14.8,1,14.8
"218",2020-09-03,4,5,14.748,14.54,14.8,2,14.67
"219",2020-09-03,8,4,14.67,14.54,14.8,3,14.67
"220",2020-09-03,12,5,14.748,14.54,14.8,4,14.67
"221",2020-09-03,16,2,14.54,14.54,14.54,5,14.54
"222",2020-09-03,20,9,14.7422222222222,14.54,14.8,6,14.67
"223",2020-09-03,24,7,14.7628571428571,14.54,14.8,7,14.67
"224",2020-09-03,28,7,14.8,14.8,14.8,8,14.8
"225",2020-09-03,32,5,14.8,14.8,14.8,9,14.8
"226",2020-09-03,36,3,14.7133333333333,14.54,14.8,10,14.67
"227",2020-09-03,68,1,12.77,12.77,12.77,11,12.77
"228",2020-09-04,0,8,14.605,14.54,14.8,1,14.67
"229",2020-09-04,4,3,14.6266666666667,14.54,14.8,2,14.67
"230",2020-09-04,8,5,14.592,14.54,14.8,3,14.67
"231",2020-09-04,12,11,14.5636363636364,14.54,14.8,4,14.67
"232",2020-09-04,16,5,14.592,14.54,14.8,5,14.67
"233",2020-09-04,20,7,14.6885714285714,14.54,14.8,6,14.67
"234",2020-09-04,24,3,14.8,14.8,14.8,7,14.8
"235",2020-09-04,28,4,14.54,14.54,14.54,8,14.54
"236",2020-09-04,32,6,14.5833333333333,14.54,14.8,9,14.67
"237",2020-09-04,36,6,14.67,14.54,14.8,10,14.67
"238",2020-09-04,40,2,14.67,14.54,14.8,11,14.67
"239",2020-09-05,0,4,14.4775,14.29,14.54,1,14.415
"240",2020-09-05,4,11,14.4490909090909,14.29,14.54,2,14.415
"241",2020-09-05,8,12,14.4566666666667,14.29,14.54,3,14.415
"242",2020-09-05,12,5,14.39,14.29,14.54,4,14.415
"243",2020-09-05,16,6,14.4566666666667,14.29,14.54,5,14.415
"244",2020-09-05,20,2,14.54,14.54,14.54,6,14.54
"245",2020-09-05,24,1,14.54,14.54,14.54,7,14.54
"246",2020-09-05,28,6,14.54,14.54,14.54,8,14.54
"247",2020-09-05,32,5,14.49,14.29,14.54,9,14.415
"248",2020-09-05,36,3,14.4566666666667,14.29,14.54,10,14.415
"249",2020-09-05,40,3,14.4566666666667,14.29,14.54,11,14.415
"250",2020-09-05,44,1,14.29,14.29,14.29,12,14.29
"251",2020-09-05,96,1,11.24,11.24,11.24,13,11.24
"252",2020-09-06,0,5,14.798,14.54,15.05,1,14.795
"253",2020-09-06,4,9,14.9388888888889,14.8,15.05,2,14.925
"254",2020-09-06,8,4,14.7975,14.54,15.05,3,14.795
"255",2020-09-06,12,9,14.77,14.54,15.05,4,14.795
"256",2020-09-06,16,7,14.7628571428571,14.54,14.8,5,14.67
"257",2020-09-06,20,2,14.67,14.54,14.8,6,14.67
"258",2020-09-06,24,6,14.8,14.8,14.8,7,14.8
"259",2020-09-06,28,2,14.8,14.8,14.8,8,14.8
"260",2020-09-06,32,6,14.8,14.8,14.8,9,14.8
"261",2020-09-06,36,3,14.8,14.8,14.8,10,14.8
"262",2020-09-06,40,3,14.7133333333333,14.54,14.8,11,14.67
"263",2020-09-06,48,2,14.54,14.54,14.54,12,14.54
"264",2020-09-06,60,2,12.89,12.51,13.27,13,12.89
"265",2020-09-07,0,4,14.9875,14.8,15.05,1,14.925
"266",2020-09-07,4,8,14.9875,14.8,15.05,2,14.925
"267",2020-09-07,8,6,15.05,15.05,15.05,3,15.05
"268",2020-09-07,12,9,14.9666666666667,14.8,15.05,4,14.925
"269",2020-09-07,16,9,15.0222222222222,14.8,15.05,5,14.925
"270",2020-09-07,20,4,14.8625,14.8,15.05,6,14.925
"271",2020-09-07,24,5,14.9,14.8,15.05,7,14.925
"272",2020-09-07,28,5,14.95,14.8,15.05,8,14.925
"273",2020-09-07,32,4,14.8,14.8,14.8,9,14.8
"274",2020-09-07,36,2,14.8,14.8,14.8,10,14.8
"275",2020-09-07,40,1,14.8,14.8,14.8,11,14.8
"276",2020-09-07,44,2,13.91,13.02,14.8,12,13.91
"277",2020-09-07,48,1,14.54,14.54,14.54,13,14.54
"278",2020-09-08,0,6,15.01,14.8,15.31,1,15.055
"279",2020-09-08,4,8,15.02,14.8,15.31,2,15.055
"280",2020-09-08,8,9,14.8844444444444,14.8,15.31,3,15.055
"281",2020-09-08,12,10,14.951,14.8,15.31,4,15.055
"282",2020-09-08,16,7,15.0142857142857,14.8,15.05,5,14.925
"283",2020-09-08,20,10,15,14.8,15.05,6,14.925
"284",2020-09-08,24,3,14.9666666666667,14.54,15.31,7,14.925
"285",2020-09-08,28,6,15.0083333333333,14.8,15.05,8,14.925
"286",2020-09-08,56,1,13.78,13.78,13.78,9,13.78
"287",2020-09-09,0,8,15.08375,14.8,15.31,1,15.055
"288",2020-09-09,4,10,15.076,15.05,15.31,2,15.18
"289",2020-09-09,8,13,15.0515384615385,14.8,15.31,3,15.055
"290",2020-09-09,12,3,15.1366666666667,15.05,15.31,4,15.18
"291",2020-09-09,16,4,15.115,15.05,15.31,5,15.18
"292",2020-09-09,20,8,15.05125,14.8,15.31,6,15.055
"293",2020-09-09,24,7,15.05,15.05,15.05,7,15.05
"294",2020-09-09,28,3,14.8833333333333,14.8,15.05,8,14.925
"295",2020-09-09,32,2,15.05,15.05,15.05,9,15.05
"296",2020-09-09,40,2,14.42,14.04,14.8,10,14.42
"297",2020-09-10,0,19,14.6878947368421,14.54,15.31,1,14.925
"298",2020-09-10,4,6,14.54,14.54,14.54,2,14.54
"299",2020-09-10,8,5,14.898,14.54,15.31,3,14.925
"300",2020-09-10,12,3,14.71,14.54,15.05,4,14.795
"301",2020-09-10,16,6,14.965,14.54,15.05,5,14.795
"302",2020-09-10,20,4,14.9225,14.54,15.05,6,14.795
"303",2020-09-10,24,2,14.795,14.54,15.05,7,14.795
"304",2020-09-10,28,6,15.05,15.05,15.05,8,15.05
"305",2020-09-10,32,5,14.948,14.54,15.05,9,14.795
"306",2020-09-10,36,1,14.29,14.29,14.29,10,14.29
"307",2020-09-10,40,2,15.05,15.05,15.05,11,15.05
"308",2020-09-10,60,1,12,12,12,12,12
"309",2020-09-11,0,7,14.9414285714286,14.54,15.05,1,14.795
"310",2020-09-11,4,6,14.925,14.8,15.05,2,14.925
"311",2020-09-11,8,11,14.9572727272727,14.54,15.05,3,14.795
"312",2020-09-11,12,4,14.925,14.54,15.31,4,14.925
"313",2020-09-11,16,10,14.976,14.54,15.31,5,14.925
"314",2020-09-11,20,3,14.7966666666667,14.54,15.05,6,14.795
"315",2020-09-11,24,5,15.104,14.8,15.31,7,15.055
"316",2020-09-11,28,1,15.05,15.05,15.05,8,15.05
"317",2020-09-11,32,2,15.05,15.05,15.05,9,15.05
"318",2020-09-11,36,2,13.91,13.02,14.8,10,13.91
"319",2020-09-11,40,1,15.05,15.05,15.05,11,15.05
"320",2020-09-12,0,22,15.2163636363636,14.8,15.56,1,15.18
"321",2020-09-12,4,9,15.2222222222222,14.8,15.56,2,15.18
"322",2020-09-12,8,2,14.925,14.8,15.05,3,14.925
"323",2020-09-12,12,2,15.435,15.31,15.56,4,15.435
"324",2020-09-12,16,5,15.306,15.05,15.56,5,15.305
"325",2020-09-12,20,5,15.358,15.05,15.56,6,15.305
"326",2020-09-12,24,6,14.9683333333333,14.54,15.31,7,14.925
"327",2020-09-12,28,5,15.256,15.05,15.56,8,15.305
"328",2020-09-12,32,2,14.415,13.78,15.05,9,14.415
"329",2020-09-12,40,1,15.05,15.05,15.05,10,15.05
"330",2020-09-12,56,1,12,12,12,11,12
"331",2020-09-13,0,15,15.9166666666667,15.31,16.58,1,15.945
"332",2020-09-13,4,6,15.9833333333333,15.56,16.58,2,16.07
"333",2020-09-13,8,4,16.0075,15.31,16.58,3,15.945
"334",2020-09-13,12,4,15.815,15.31,16.32,4,15.815
"335",2020-09-13,16,5,16.116,15.81,16.32,5,16.065
"336",2020-09-13,20,6,16.1516666666667,15.81,16.32,6,16.065
"337",2020-09-13,24,6,15.52,15.05,16.07,7,15.56
"338",2020-09-13,28,3,15.6466666666667,15.31,16.32,8,15.815
"339",2020-09-13,32,1,16.32,16.32,16.32,9,16.32
"340",2020-09-13,36,2,15.18,14.04,16.32,10,15.18
"341",2020-09-13,40,3,16.15,15.81,16.32,11,16.065
"342",2020-09-13,44,4,14.1625,11.75,16.07,12,13.91
"343",2020-09-13,132,1,10.73,10.73,10.73,13,10.73
"344",2020-09-14,0,6,16.7883333333333,16.58,17.08,1,16.83
"345",2020-09-14,4,9,16.7744444444444,16.58,16.83,2,16.705
"346",2020-09-14,8,3,16.7466666666667,16.58,16.83,3,16.705
"347",2020-09-14,12,4,16.7675,16.58,16.83,4,16.705
"348",2020-09-14,16,3,16.7466666666667,16.58,16.83,5,16.705
"349",2020-09-14,20,2,16.83,16.83,16.83,6,16.83
"350",2020-09-14,24,1,16.83,16.83,16.83,7,16.83
"351",2020-09-14,28,2,16.83,16.83,16.83,8,16.83
"352",2020-09-14,32,1,16.83,16.83,16.83,9,16.83
"353",2020-09-14,36,7,16.7585714285714,16.58,16.83,10,16.705
"354",2020-09-14,40,7,16.6871428571429,16.58,16.83,11,16.705
"355",2020-09-14,44,4,16.5775,16.07,16.83,12,16.45
"356",2020-09-14,48,3,16.4066666666667,15.56,16.83,13,16.195
"357",2020-09-14,56,1,13.78,13.78,13.78,14,13.78
"358",2020-09-14,100,1,10.48,10.48,10.48,15,10.48
"359",2020-09-15,0,6,17.7633333333333,17.59,17.85,1,17.72
"360",2020-09-15,4,1,17.59,17.59,17.59,2,17.59
"361",2020-09-15,8,2,17.34,17.34,17.34,3,17.34
"362",2020-09-15,12,3,17.08,17.08,17.08,4,17.08
"363",2020-09-15,16,1,17.08,17.08,17.08,5,17.08
"364",2020-09-15,24,3,16.9166666666667,16.58,17.34,6,16.96
"365",2020-09-15,32,3,17.08,17.08,17.08,7,17.08
"366",2020-09-15,36,7,17.01,16.83,17.34,8,17.085
"367",2020-09-15,40,6,16.8266666666667,15.56,17.08,9,16.32
"368",2020-09-15,44,4,17.08,17.08,17.08,10,17.08
"369",2020-09-15,48,2,14.925,14.8,15.05,11,14.925
"370",2020-09-15,52,1,11.24,11.24,11.24,12,11.24
"371",2020-09-15,60,1,14.8,14.8,14.8,13,14.8
"372",2020-09-15,64,1,11.75,11.75,11.75,14,11.75
"373",2020-09-15,96,1,10.48,10.48,10.48,15,10.48
"374",2020-09-15,140,1,10.48,10.48,10.48,16,10.48
"375",2020-09-15,148,1,11.5,11.5,11.5,17,11.5
"376",2020-09-16,0,32,18.0609375,17.85,18.35,1,18.1
"377",2020-09-16,4,3,17.9333333333333,17.85,18.1,2,17.975
"378",2020-09-16,16,1,17.85,17.85,17.85,3,17.85
"379",2020-09-16,20,2,17.465,17.34,17.59,4,17.465
"380",2020-09-16,36,3,17.1666666666667,17.08,17.34,5,17.21
"381",2020-09-16,40,6,17.0433333333333,16.32,17.85,6,17.085
"382",2020-09-16,44,3,17.08,17.08,17.08,7,17.08
"383",2020-09-16,48,1,16.32,16.32,16.32,8,16.32
"384",2020-09-16,52,2,15.56,14.29,16.83,9,15.56
"385",2020-09-16,68,1,14.54,14.54,14.54,10,14.54
"386",2020-09-16,76,1,12.51,12.51,12.51,11,12.51
"387",2020-09-16,112,1,11.75,11.75,11.75,12,11.75
"388",2020-09-16,120,1,11.75,11.75,11.75,13,11.75
"389",2020-09-16,124,1,11.75,11.75,11.75,14,11.75
"390",2020-09-16,148,1,11.5,11.5,11.5,15,11.5
"391",2020-09-16,152,1,11.75,11.75,11.75,16,11.75
"392",2020-09-17,0,16,18.099375,17.34,18.35,1,17.845
"393",2020-09-17,4,6,18.1416666666667,17.85,18.35,2,18.1
"394",2020-09-17,8,10,18.099,17.59,18.35,3,17.97
"395",2020-09-17,12,5,17.946,17.59,18.35,4,17.97
"396",2020-09-17,16,2,17.59,17.08,18.1,5,17.59
"397",2020-09-17,20,2,18.225,18.1,18.35,6,18.225
"398",2020-09-17,24,2,17.59,17.59,17.59,7,17.59
"399",2020-09-17,28,1,17.08,17.08,17.08,8,17.08
"400",2020-09-17,32,1,17.34,17.34,17.34,9,17.34
"401",2020-09-17,36,1,15.81,15.81,15.81,10,15.81
"402",2020-09-17,40,1,14.8,14.8,14.8,11,14.8
"403",2020-09-17,44,1,16.32,16.32,16.32,12,16.32
"404",2020-09-17,52,2,14.925,14.54,15.31,13,14.925
"405",2020-09-17,76,1,13.02,13.02,13.02,14,13.02
"406",2020-09-17,84,1,13.02,13.02,13.02,15,13.02
"407",2020-09-17,92,2,13.02,12.77,13.27,16,13.02
"408",2020-09-17,104,1,14.04,14.04,14.04,17,14.04
"409",2020-09-17,124,2,13.02,13.02,13.02,18,13.02
"410",2020-09-17,140,1,12.77,12.77,12.77,19,12.77
"411",2020-09-17,144,2,12.77,12.77,12.77,20,12.77
"412",2020-09-18,0,9,18.1,17.85,18.35,1,18.1
"413",2020-09-18,4,7,18.3171428571429,17.85,18.86,2,18.355
"414",2020-09-18,8,9,18.4377777777778,18.1,18.86,3,18.48
"415",2020-09-18,12,8,18.63875,18.1,18.86,4,18.48
"416",2020-09-18,16,3,18.27,17.85,18.86,5,18.355
"417",2020-09-18,20,2,17.465,17.34,17.59,6,17.465
"418",2020-09-18,24,2,18.355,17.85,18.86,7,18.355
"419",2020-09-18,28,2,17.085,16.32,17.85,8,17.085
"420",2020-09-18,36,3,14.8833333333333,14.29,15.31,9,14.8
"421",2020-09-18,40,3,18.3566666666667,17.85,18.61,10,18.23
"422",2020-09-18,52,1,13.78,13.78,13.78,11,13.78
"423",2020-09-18,64,3,12.7666666666667,12.26,13.27,12,12.765
"424",2020-09-18,80,1,14.29,14.29,14.29,13,14.29
"425",2020-09-18,84,2,12.385,12.26,12.51,14,12.385
"426",2020-09-18,88,1,12.26,12.26,12.26,15,12.26
"427",2020-09-18,112,1,12.26,12.26,12.26,16,12.26
"428",2020-09-18,116,1,12,12,12,17,12
"429",2020-09-18,144,1,12,12,12,18,12
"430",2020-09-18,148,1,12.26,12.26,12.26,19,12.26
"431",2020-09-19,0,19,19.4636842105263,18.86,20.39,1,19.625
"432",2020-09-19,4,9,19.4266666666667,18.61,19.88,2,19.245
"433",2020-09-19,8,6,19.6233333333333,19.12,19.88,3,19.5
"434",2020-09-19,12,5,19.726,19.12,20.39,4,19.755
"435",2020-09-19,16,8,19.59375,17.59,20.39,5,18.99
"436",2020-09-19,20,2,19.5,18.61,20.39,6,19.5
"437",2020-09-19,24,2,19.625,19.12,20.13,7,19.625
"438",2020-09-19,28,3,18.5233333333333,15.81,20.39,8,18.1
"439",2020-09-19,32,1,17.59,17.59,17.59,9,17.59
"440",2020-09-19,36,1,18.86,18.86,18.86,10,18.86
"441",2020-09-19,40,1,17.08,17.08,17.08,11,17.08
"442",2020-09-19,48,1,15.56,15.56,15.56,12,15.56
"443",2020-09-19,124,1,12.26,12.26,12.26,13,12.26
"444",2020-09-19,148,1,12.26,12.26,12.26,14,12.26
"445",2020-09-20,0,11,20.4809090909091,20.39,20.64,1,20.515
"446",2020-09-20,4,9,20.5288888888889,20.39,20.64,2,20.515
"447",2020-09-20,8,4,20.515,20.39,20.64,3,20.515
"448",2020-09-20,12,11,20.4572727272727,20.13,20.64,4,20.385
"449",2020-09-20,16,4,20.5775,20.39,20.64,5,20.515
"450",2020-09-20,20,7,20.3142857142857,18.86,20.64,6,19.75
"451",2020-09-20,24,2,20.13,20.13,20.13,7,20.13
"452",2020-09-20,28,2,20.26,20.13,20.39,8,20.26
"453",2020-09-20,32,3,19.2833333333333,18.35,20.13,9,19.24
"454",2020-09-20,36,1,19.37,19.37,19.37,10,19.37
"455",2020-09-20,40,1,17.85,17.85,17.85,11,17.85
"456",2020-09-20,52,1,15.31,15.31,15.31,12,15.31
"457",2020-09-20,68,1,14.54,14.54,14.54,13,14.54
"458",2020-09-20,84,2,12.64,12.51,12.77,14,12.64
"459",2020-09-20,108,1,12.26,12.26,12.26,15,12.26
"460",2020-09-21,0,5,20.946,20.39,21.15,1,20.77
"461",2020-09-21,4,8,21.1175,20.64,21.4,2,21.02
"462",2020-09-21,8,9,21.0911111111111,20.89,21.4,3,21.145
"463",2020-09-21,12,6,21.2333333333333,21.15,21.4,4,21.275
"464",2020-09-21,16,4,20.895,20.64,21.15,5,20.895
"465",2020-09-21,20,3,20.7233333333333,20.13,21.15,6,20.64
"466",2020-09-21,24,2,20.64,20.39,20.89,7,20.64
"467",2020-09-21,28,3,19.4533333333333,18.1,20.64,8,19.37
"468",2020-09-21,44,1,15.31,15.31,15.31,9,15.31
"469",2020-09-21,52,1,14.8,14.8,14.8,10,14.8
"470",2020-09-21,60,1,14.8,14.8,14.8,11,14.8
"471",2020-09-21,80,3,12.6833333333333,12.26,13.02,12,12.64
"472",2020-09-21,92,1,12,12,12,13,12
"473",2020-09-21,100,1,12.26,12.26,12.26,14,12.26
"474",2020-09-21,120,1,12,12,12,15,12
"475",2020-09-21,132,4,12.26,12.26,12.26,16,12.26
"476",2020-09-21,136,1,12,12,12,17,12
"477",2020-09-21,140,3,12.0866666666667,12,12.26,18,12.13
"478",2020-09-21,144,2,12,12,12,19,12
"479",2020-09-21,148,1,12,12,12,20,12
"480",2020-09-22,0,2,21.4,21.4,21.4,1,21.4
"481",2020-09-22,4,4,21.1475,20.64,21.4,2,21.02
"482",2020-09-22,8,3,21.1466666666667,20.89,21.4,3,21.145
"483",2020-09-22,12,2,21.4,21.4,21.4,4,21.4
"484",2020-09-22,16,2,21.275,21.15,21.4,5,21.275
"485",2020-09-22,20,5,20.944,20.39,21.4,6,20.895
"486",2020-09-22,24,4,19.625,18.86,20.39,7,19.625
"487",2020-09-22,28,1,20.13,20.13,20.13,8,20.13
"488",2020-09-22,32,1,19.37,19.37,19.37,9,19.37
"489",2020-09-22,36,2,16.32,15.81,16.83,10,16.32
"490",2020-09-22,40,1,15.31,15.31,15.31,11,15.31
"491",2020-09-22,72,1,12.26,12.26,12.26,12,12.26
"492",2020-09-22,120,1,12.26,12.26,12.26,13,12.26
"493",2020-09-22,124,1,12.51,12.51,12.51,14,12.51
"494",2020-09-23,0,11,21.4490909090909,21.15,21.66,1,21.405
"495",2020-09-23,4,5,21.35,21.15,21.4,2,21.275
"496",2020-09-23,8,5,21.402,21.15,21.66,3,21.405
"497",2020-09-23,12,4,21.4,21.4,21.4,4,21.4
"498",2020-09-23,16,5,21.3,21.15,21.4,5,21.275
"499",2020-09-23,20,2,21.145,20.89,21.4,6,21.145
"500",2020-09-23,24,1,21.15,21.15,21.15,7,21.15
"501",2020-09-23,28,2,18.48,17.08,19.88,8,18.48
"502",2020-09-23,40,2,14.545,13.78,15.31,9,14.545
"503",2020-09-23,80,1,12.51,12.51,12.51,10,12.51
"504",2020-09-23,104,1,12.26,12.26,12.26,11,12.26
"505",2020-09-23,108,2,12.13,12,12.26,12,12.13
"506",2020-09-23,112,2,12,12,12,13,12
"507",2020-09-23,116,8,12.0975,12,12.26,14,12.13
"508",2020-09-23,120,4,12.065,12,12.26,15,12.13
"509",2020-09-23,124,1,12,12,12,16,12
"510",2020-09-23,128,1,11.75,11.75,11.75,17,11.75
"511",2020-09-23,132,1,11.75,11.75,11.75,18,11.75
"512",2020-09-23,136,1,11.75,11.75,11.75,19,11.75
"513",2020-09-23,148,1,11.75,11.75,11.75,20,11.75
"514",2020-09-24,0,6,20.85,20.64,21.15,1,20.895
"515",2020-09-24,4,11,20.71,20.39,21.4,2,20.895
"516",2020-09-24,8,10,20.867,20.64,21.15,3,20.895
"517",2020-09-24,12,5,20.842,20.64,21.15,4,20.895
"518",2020-09-24,16,6,20.8533333333333,20.39,21.15,5,20.77
"519",2020-09-24,40,1,14.29,14.29,14.29,6,14.29
"520",2020-09-24,48,3,12.68,12.51,13.02,7,12.765
"521",2020-09-24,64,1,12.51,12.51,12.51,8,12.51
"522",2020-09-24,68,3,12.5133333333333,12.26,12.77,9,12.515
"523",2020-09-24,72,2,12.77,12.77,12.77,10,12.77
"524",2020-09-24,84,1,12.51,12.51,12.51,11,12.51
"525",2020-09-24,92,3,12.26,12.26,12.26,12,12.26
"526",2020-09-24,96,2,12.26,12.26,12.26,13,12.26
"527",2020-09-24,104,1,12,12,12,14,12
"528",2020-09-24,108,2,12.13,12,12.26,15,12.13
"529",2020-09-24,120,1,12,12,12,16,12
"530",2020-09-24,140,1,11.75,11.75,11.75,17,11.75
"531",2020-09-24,148,1,11.75,11.75,11.75,18,11.75
"532",2020-09-25,0,11,19.67,18.86,20.13,1,19.495
"533",2020-09-25,4,20,19.547,18.86,20.13,2,19.495
"534",2020-09-25,8,11,19.8327272727273,19.12,20.39,3,19.755
"535",2020-09-25,12,7,19.4785714285714,18.86,20.13,4,19.495
"536",2020-09-25,16,3,19.2,18.86,19.37,5,19.115
"537",2020-09-25,20,3,20.13,20.13,20.13,6,20.13
"538",2020-09-25,24,2,19.495,18.86,20.13,7,19.495
"539",2020-09-25,28,1,17.59,17.59,17.59,8,17.59
"540",2020-09-25,36,1,14.29,14.29,14.29,9,14.29
"541",2020-09-25,68,1,12.77,12.77,12.77,10,12.77
"542",2020-09-26,0,9,19.2277777777778,18.61,19.62,1,19.115
"543",2020-09-26,4,9,19.3688888888889,18.61,19.62,2,19.115
"544",2020-09-26,8,5,19.318,18.86,19.62,3,19.24
"545",2020-09-26,12,7,19.3685714285714,18.61,19.62,4,19.115
"546",2020-09-26,16,3,18.95,18.61,19.12,5,18.865
"547",2020-09-26,20,11,19.2290909090909,17.08,19.62,6,18.35
"548",2020-09-26,24,6,19.2416666666667,18.61,19.62,7,19.115
"549",2020-09-26,28,5,19.52,19.37,19.62,8,19.495
"550",2020-09-26,32,2,19.495,19.37,19.62,9,19.495
"551",2020-09-26,36,1,19.37,19.37,19.37,10,19.37
"552",2020-09-26,40,1,13.27,13.27,13.27,11,13.27
"553",2020-09-26,44,1,14.04,14.04,14.04,12,14.04
"554",2020-09-27,0,12,19.18,18.86,19.37,1,19.115
"555",2020-09-27,4,7,19.2614285714286,18.61,19.62,2,19.115
"556",2020-09-27,8,2,19.495,19.37,19.62,3,19.495
"557",2020-09-27,12,3,19.0333333333333,18.86,19.12,4,18.99
"558",2020-09-27,16,9,19.0322222222222,18.86,19.37,5,19.115
"559",2020-09-27,20,5,19.12,19.12,19.12,6,19.12
"560",2020-09-27,24,3,18.9466666666667,18.86,19.12,7,18.99
"561",2020-09-27,28,6,19.0316666666667,17.59,19.62,8,18.605
"562",2020-09-27,32,9,19.3688888888889,18.86,19.62,9,19.24
"563",2020-09-27,36,4,18.86,16.58,19.62,10,18.1
"564",2020-09-28,0,1,19.37,19.37,19.37,1,19.37
"565",2020-09-28,4,10,18.733,18.35,19.37,2,18.86
"566",2020-09-28,8,3,18.4366666666667,18.35,18.61,3,18.48
"567",2020-09-28,12,6,18.14,17.08,19.12,4,18.1
"568",2020-09-28,16,5,18.15,17.34,19.12,5,18.23
"569",2020-09-28,20,9,18.4955555555556,16.58,19.37,6,17.975
"570",2020-09-28,24,7,17.6628571428571,17.08,18.35,7,17.715
"571",2020-09-28,28,3,17.1666666666667,15.81,18.35,8,17.08
"572",2020-09-28,32,7,18.3157142857143,17.34,19.12,9,18.23
"573",2020-09-28,36,1,18.35,18.35,18.35,10,18.35
"574",2020-09-29,0,9,17.9588888888889,17.08,18.61,1,17.845
"575",2020-09-29,4,4,18.1625,17.59,18.61,2,18.1
"576",2020-09-29,8,6,18.2683333333333,18.1,18.61,3,18.355
"577",2020-09-29,12,2,18.35,18.35,18.35,4,18.35
"578",2020-09-29,16,6,18.1016666666667,17.59,18.61,5,18.1
"579",2020-09-29,20,13,18.0223076923077,16.83,18.61,6,17.72
"580",2020-09-29,24,9,18.3522222222222,17.85,18.61,7,18.23
"581",2020-09-29,28,6,18.0583333333333,16.58,18.61,8,17.595
"582",2020-09-29,32,4,18.2875,18.1,18.35,9,18.225
"583",2020-09-29,52,1,14.8,14.8,14.8,10,14.8
"584",2020-09-30,0,3,18.2666666666667,18.1,18.35,1,18.225
"585",2020-09-30,4,3,18.35,18.35,18.35,2,18.35
"586",2020-09-30,8,5,18.35,18.35,18.35,3,18.35
"587",2020-09-30,12,1,17.85,17.85,17.85,4,17.85
"588",2020-09-30,16,2,18.225,18.1,18.35,5,18.225
"589",2020-09-30,24,4,18.0975,17.34,18.35,6,17.845
"590",2020-09-30,28,2,18.35,18.35,18.35,7,18.35
"591",2020-09-30,32,1,18.35,18.35,18.35,8,18.35
"592",2020-10-01,4,4,18.2875,18.1,18.35,1,18.225
"593",2020-10-01,12,1,18.1,18.1,18.1,2,18.1
"594",2020-10-01,16,3,18.1,18.1,18.1,3,18.1
"595",2020-10-01,20,4,18.1625,18.1,18.35,4,18.225
"596",2020-10-01,24,12,18.2041666666667,18.1,18.35,5,18.225
"597",2020-10-01,28,11,18.1454545454545,18.1,18.35,6,18.225
"598",2020-10-02,0,2,17.975,17.85,18.1,1,17.975
"599",2020-10-02,4,8,18.225,18.1,18.35,2,18.225
"600",2020-10-02,8,1,18.35,18.35,18.35,3,18.35
"601",2020-10-02,16,5,17.948,17.59,18.1,4,17.845
"602",2020-10-02,20,4,17.9075,17.59,18.35,5,17.97
"603",2020-10-02,24,7,17.5185714285714,15.31,18.35,6,16.83
"604",2020-10-02,28,9,17.8177777777778,16.83,18.35,7,17.59
"605",2020-10-02,32,6,17.845,17.08,18.35,8,17.715
"606",2020-10-02,36,6,17.085,16.32,18.1,9,17.21
"607",2020-10-02,40,1,16.32,16.32,16.32,10,16.32
"608",2020-10-02,56,1,12.77,12.77,12.77,11,12.77
"609",2020-10-02,72,2,12.26,12.26,12.26,12,12.26
"610",2020-10-02,76,1,12.51,12.51,12.51,13,12.51
"611",2020-10-02,88,1,12.77,12.77,12.77,14,12.77
"612",2020-10-02,100,1,12.51,12.51,12.51,15,12.51
"613",2020-10-02,104,2,12.13,12,12.26,16,12.13
"614",2020-10-02,108,2,12.26,12.26,12.26,17,12.26
"615",2020-10-02,112,1,12.26,12.26,12.26,18,12.26
"616",2020-10-03,0,4,17.5275,17.34,17.59,1,17.465
"617",2020-10-03,4,10,17.565,17.34,17.59,2,17.465
"618",2020-10-03,8,3,17.59,17.59,17.59,3,17.59
"619",2020-10-03,12,4,17.4,17.08,17.59,4,17.335
"620",2020-10-03,16,3,17.5066666666667,17.34,17.59,5,17.465
"621",2020-10-03,20,5,17.44,17.34,17.59,6,17.465
"622",2020-10-03,24,3,17.5066666666667,17.34,17.59,7,17.465
"623",2020-10-03,28,7,17.5542857142857,17.34,17.59,8,17.465
"624",2020-10-03,32,5,17.49,17.34,17.59,9,17.465
"625",2020-10-03,36,3,17.3366666666667,17.08,17.59,10,17.335
"626",2020-10-03,40,1,16.32,16.32,16.32,11,16.32
"627",2020-10-03,48,1,14.04,14.04,14.04,12,14.04
"628",2020-10-03,56,1,13.78,13.78,13.78,13,13.78
"629",2020-10-03,124,1,11.75,11.75,11.75,14,11.75
"630",2020-10-03,660,1,10.73,10.73,10.73,15,10.73
"631",2020-10-04,0,6,17.635,17.34,18.86,1,18.1
"632",2020-10-04,4,2,18.1,17.34,18.86,2,18.1
"633",2020-10-04,8,1,18.86,18.86,18.86,3,18.86
"634",2020-10-04,16,3,18.86,18.86,18.86,4,18.86
"635",2020-10-04,20,1,17.08,17.08,17.08,5,17.08
"636",2020-10-04,24,1,18.86,18.86,18.86,6,18.86
"637",2020-10-04,28,5,18.252,17.34,18.86,7,18.1
"638",2020-10-04,32,7,18.3528571428571,17.08,18.86,8,17.97
"639",2020-10-04,36,3,18.7766666666667,18.61,18.86,9,18.735
"640",2020-10-04,40,5,18.454,17.08,18.86,10,17.97
"641",2020-10-04,44,2,18.86,18.86,18.86,11,18.86
"642",2020-10-04,48,2,18.86,18.86,18.86,12,18.86
"643",2020-10-04,52,1,18.86,18.86,18.86,13,18.86
"644",2020-10-04,56,2,18.86,18.86,18.86,14,18.86
"645",2020-10-04,68,1,18.35,18.35,18.35,15,18.35
"646",2020-10-04,76,3,14.5433333333333,12.51,18.61,16,15.56
"647",2020-10-04,80,1,12.51,12.51,12.51,17,12.51
"648",2020-10-04,92,1,12.26,12.26,12.26,18,12.26
"649",2020-10-04,152,1,12,12,12,19,12
"650",2020-10-04,156,1,12,12,12,20,12
"651",2020-10-04,176,2,11.75,11.75,11.75,21,11.75
"652",2020-10-04,196,1,12,12,12,22,12
"653",2020-10-05,0,8,18.86,18.86,18.86,1,18.86
"654",2020-10-05,4,3,18.7766666666667,18.61,18.86,2,18.735
"655",2020-10-05,8,1,18.61,18.61,18.61,3,18.61
"656",2020-10-05,16,1,18.35,18.35,18.35,4,18.35
"657",2020-10-05,20,6,18.5633333333333,18.35,18.86,5,18.605
"658",2020-10-05,24,3,18.4366666666667,18.35,18.61,6,18.48
"659",2020-10-05,28,2,18.735,18.61,18.86,7,18.735
"660",2020-10-05,32,4,18.67,18.35,18.86,8,18.605
"661",2020-10-05,36,5,18.556,18.35,18.86,9,18.605
"662",2020-10-05,40,5,18.556,18.35,18.86,10,18.605
"663",2020-10-05,44,4,18.35,18.35,18.35,11,18.35
"664",2020-10-05,48,2,18.35,18.35,18.35,12,18.35
"665",2020-10-05,52,4,18.5425,18.35,18.86,13,18.605
"666",2020-10-05,56,4,18.4825,18.1,18.61,14,18.355
"667",2020-10-05,64,2,18.605,18.35,18.86,15,18.605
"668",2020-10-06,0,11,18.3272727272727,18.1,18.35,1,18.225
"669",2020-10-06,4,9,18.35,18.35,18.35,2,18.35
"670",2020-10-06,8,2,18.35,18.35,18.35,3,18.35
"671",2020-10-06,12,1,18.35,18.35,18.35,4,18.35
"672",2020-10-06,16,3,18.35,18.35,18.35,5,18.35
"673",2020-10-06,20,2,18.35,18.35,18.35,6,18.35
"674",2020-10-06,28,4,18.2875,18.1,18.35,7,18.225
"675",2020-10-06,32,3,18.1833333333333,18.1,18.35,8,18.225
"676",2020-10-06,36,3,18.4366666666667,18.35,18.61,9,18.48
"677",2020-10-06,40,1,18.35,18.35,18.35,10,18.35
"678",2020-10-06,44,3,18.2666666666667,18.1,18.35,11,18.225
"679",2020-10-06,48,2,18.225,18.1,18.35,12,18.225
"680",2020-10-06,52,2,18.225,18.1,18.35,13,18.225
"681",2020-10-06,56,3,18.35,18.35,18.35,14,18.35
"682",2020-10-06,60,1,18.35,18.35,18.35,15,18.35
"683",2020-10-06,64,2,18.225,18.1,18.35,16,18.225
"684",2020-10-06,68,3,18.35,18.35,18.35,17,18.35
"685",2020-10-06,72,1,18.35,18.35,18.35,18,18.35
"686",2020-10-06,80,2,18.225,18.1,18.35,19,18.225
"687",2020-10-06,84,1,18.1,18.1,18.1,20,18.1
"688",2020-10-06,88,1,16.32,16.32,16.32,21,16.32
"689",2020-10-07,0,2,18.35,18.35,18.35,1,18.35
"690",2020-10-07,4,3,18.35,18.35,18.35,2,18.35
"691",2020-10-07,8,2,18.35,18.35,18.35,3,18.35
"692",2020-10-07,12,1,18.35,18.35,18.35,4,18.35
"693",2020-10-07,16,3,18.35,18.35,18.35,5,18.35
"694",2020-10-07,20,5,18.35,18.35,18.35,6,18.35
"695",2020-10-07,24,1,18.35,18.35,18.35,7,18.35
"696",2020-10-07,28,4,18.2875,18.1,18.35,8,18.225
"697",2020-10-07,32,5,18.3,18.1,18.35,9,18.225
"698",2020-10-07,36,2,18.225,18.1,18.35,10,18.225
"699",2020-10-07,40,6,18.225,18.1,18.35,11,18.225
"700",2020-10-07,44,3,18.1,18.1,18.1,12,18.1
"701",2020-10-07,48,2,18.1,18.1,18.1,13,18.1
"702",2020-10-07,52,3,18.0166666666667,17.85,18.1,14,17.975
"703",2020-10-07,56,2,18.1,18.1,18.1,15,18.1
"704",2020-10-07,60,3,17.9333333333333,17.85,18.1,16,17.975
"705",2020-10-07,64,7,17.9571428571429,17.85,18.1,17,17.975
"706",2020-10-07,68,3,17.8466666666667,17.59,18.1,18,17.845
"707",2020-10-07,72,1,17.59,17.59,17.59,19,17.59
"708",2020-10-07,76,1,18.1,18.1,18.1,20,18.1
"709",2020-10-07,100,1,14.8,14.8,14.8,21,14.8
"710",2020-10-08,0,2,18.35,18.35,18.35,1,18.35
"711",2020-10-08,4,10,18.61,18.61,18.61,2,18.61
"712",2020-10-08,8,8,18.5775,18.35,18.61,3,18.48
"713",2020-10-08,12,7,18.5357142857143,18.35,18.61,4,18.48
"714",2020-10-08,16,6,18.48,18.35,18.61,5,18.48
"715",2020-10-08,20,8,18.415,18.35,18.61,6,18.48
"716",2020-10-08,28,1,18.35,18.35,18.35,7,18.35
"717",2020-10-08,32,3,18.35,18.35,18.35,8,18.35
"718",2020-10-08,40,1,18.35,18.35,18.35,9,18.35
"719",2020-10-08,44,3,18.35,18.35,18.35,10,18.35
"720",2020-10-08,48,1,18.1,18.1,18.1,11,18.1
"721",2020-10-08,52,1,18.1,18.1,18.1,12,18.1
"722",2020-10-08,56,1,18.1,18.1,18.1,13,18.1
"723",2020-10-08,60,2,18.1,18.1,18.1,14,18.1
"724",2020-10-08,68,3,18.1,18.1,18.1,15,18.1
"725",2020-10-08,72,2,18.1,18.1,18.1,16,18.1
"726",2020-10-08,80,1,18.1,18.1,18.1,17,18.1
"727",2020-10-09,4,8,18.735,18.61,18.86,1,18.735
"728",2020-10-09,8,3,18.7766666666667,18.61,18.86,2,18.735
"729",2020-10-09,12,3,18.6933333333333,18.61,18.86,3,18.735
"730",2020-10-09,16,1,18.61,18.61,18.61,4,18.61
"731",2020-10-09,20,4,18.6725,18.61,18.86,5,18.735
"732",2020-10-09,24,5,18.61,18.61,18.61,6,18.61
"733",2020-10-09,28,4,18.61,18.61,18.61,7,18.61
"734",2020-10-09,32,3,18.7766666666667,18.61,18.86,8,18.735
"735",2020-10-09,36,4,18.6725,18.61,18.86,9,18.735
"736",2020-10-09,40,3,18.61,18.61,18.61,10,18.61
"737",2020-10-09,44,1,18.61,18.61,18.61,11,18.61
"738",2020-10-09,48,2,18.48,18.35,18.61,12,18.48
"739",2020-10-09,52,3,18.4366666666667,18.35,18.61,13,18.48
"740",2020-10-09,56,2,18.355,18.1,18.61,14,18.355
"741",2020-10-09,60,8,18.3225,18.1,18.61,15,18.355
"742",2020-10-09,64,5,18.302,18.1,18.61,16,18.355
"743",2020-10-09,68,1,18.1,18.1,18.1,17,18.1
"744",2020-10-10,0,3,18.4366666666667,18.35,18.61,1,18.48
"745",2020-10-10,8,2,18.61,18.61,18.61,2,18.61
"746",2020-10-10,12,5,18.454,18.35,18.61,3,18.48
"747",2020-10-10,16,8,18.6725,18.61,18.86,4,18.735
"748",2020-10-10,20,6,18.6516666666667,18.61,18.86,5,18.735
"749",2020-10-10,24,5,18.608,18.35,18.86,6,18.605
"750",2020-10-10,32,2,18.61,18.61,18.61,7,18.61
"751",2020-10-10,36,2,18.48,18.35,18.61,8,18.48
"752",2020-10-10,44,4,18.3525,18.1,18.61,9,18.355
"753",2020-10-10,48,7,18.2071428571429,18.1,18.35,10,18.225
"754",2020-10-10,52,6,18.2683333333333,18.1,18.61,11,18.355
"755",2020-10-10,56,7,18.2814285714286,18.1,18.61,12,18.355
"756",2020-10-10,60,3,17.93,17.59,18.1,13,17.845
"757",2020-10-11,0,6,18.0983333333333,17.59,18.35,1,17.97
"758",2020-10-11,4,11,18.2818181818182,18.1,18.35,2,18.225
"759",2020-10-11,8,6,18.3083333333333,18.1,18.35,3,18.225
"760",2020-10-11,12,5,18.25,17.85,18.35,4,18.1
"761",2020-10-11,16,8,18.32125,17.85,18.61,5,18.23
"762",2020-10-11,20,4,18.2875,18.1,18.35,6,18.225
"763",2020-10-11,24,3,18.4366666666667,18.35,18.61,7,18.48
"764",2020-10-11,28,3,18.27,17.85,18.61,8,18.23
"765",2020-10-11,32,3,18.1833333333333,17.85,18.35,9,18.1
"766",2020-10-11,36,6,18.3083333333333,18.1,18.35,10,18.225
"767",2020-10-11,40,4,18.2875,18.1,18.35,11,18.225
"768",2020-10-11,44,1,18.1,18.1,18.1,12,18.1
"769",2020-10-12,0,15,18.0153333333333,17.59,18.61,1,18.1
"770",2020-10-12,4,8,17.81375,17.59,18.35,2,17.97
"771",2020-10-12,12,2,18.225,18.1,18.35,3,18.225
"772",2020-10-12,16,1,18.35,18.35,18.35,4,18.35
"773",2020-10-12,28,1,18.1,18.1,18.1,5,18.1
"774",2020-10-12,32,1,18.35,18.35,18.35,6,18.35
"775",2020-10-12,36,3,18.2666666666667,18.1,18.35,7,18.225
"776",2020-10-12,40,2,17.72,17.34,18.1,8,17.72
"777",2020-10-12,44,9,17.9866666666667,17.34,18.35,9,17.845
"778",2020-10-12,48,8,18.005,17.34,18.35,10,17.845
"779",2020-10-12,52,3,18.0133333333333,17.59,18.35,11,17.97
"780",2020-10-12,56,2,18.35,18.35,18.35,12,18.35
"781",2020-10-13,0,12,15.35,15.05,15.56,1,15.305
"782",2020-10-13,4,3,15.6433333333333,15.56,15.81,2,15.685
"783",2020-10-13,8,3,16.24,15.31,17.34,3,16.325
"784",2020-10-13,12,3,16.66,15.56,17.34,4,16.45
"785",2020-10-13,16,2,17.21,17.08,17.34,5,17.21
"786",2020-10-13,20,3,16.49,15.31,17.08,6,16.195
"787",2020-10-13,24,3,16.6633333333333,15.31,17.34,7,16.325
"788",2020-10-13,28,1,15.31,15.31,15.31,8,15.31
"789",2020-10-13,32,3,15.2233333333333,15.05,15.31,9,15.18
"790",2020-10-13,36,5,15.612,15.31,16.32,10,15.815
"791",2020-10-13,40,4,15.75,15.05,17.08,11,16.065
"792",2020-10-13,44,2,15.31,15.31,15.31,12,15.31
"793",2020-10-13,56,1,12.26,12.26,12.26,13,12.26
"794",2020-10-14,0,22,14.6463636363636,14.04,15.31,1,14.675
"795",2020-10-14,4,4,14.605,14.29,15.05,2,14.67
"796",2020-10-14,8,2,14.925,14.8,15.05,3,14.925
"797",2020-10-14,12,2,14.415,14.29,14.54,4,14.415
"798",2020-10-14,16,1,15.05,15.05,15.05,5,15.05
"799",2020-10-14,24,1,14.8,14.8,14.8,6,14.8
"800",2020-10-14,36,1,14.29,14.29,14.29,7,14.29
"801",2020-10-14,40,1,14.8,14.8,14.8,8,14.8
"802",2020-10-14,44,4,14.6075,14.04,15.05,9,14.545
"803",2020-10-14,48,1,14.54,14.54,14.54,10,14.54
"804",2020-10-14,52,3,13.0166666666667,12,14.54,11,13.27
"805",2020-10-14,56,4,12.7025,12.26,13.78,12,13.02
"806",2020-10-14,64,1,12.26,12.26,12.26,13,12.26
"807",2020-10-14,68,1,12.26,12.26,12.26,14,12.26
"808",2020-10-14,72,1,12,12,12,15,12
"809",2020-10-14,76,1,12,12,12,16,12
"810",2020-10-14,84,1,12,12,12,17,12
"811",2020-10-14,100,1,12,12,12,18,12
"812",2020-10-14,104,1,12,12,12,19,12
"813",2020-10-14,108,2,12,12,12,20,12
"814",2020-10-14,112,5,12,12,12,21,12
"815",2020-10-15,0,12,13.7191666666667,13.53,14.29,1,13.91
"816",2020-10-15,4,12,13.7608333333333,13.53,14.29,2,13.91
"817",2020-10-15,8,4,13.845,13.78,14.04,3,13.91
"818",2020-10-15,12,2,13.655,13.53,13.78,4,13.655
"819",2020-10-15,16,2,13.655,13.53,13.78,5,13.655
"820",2020-10-15,24,2,13.78,13.78,13.78,6,13.78
"821",2020-10-15,32,2,13.655,13.53,13.78,7,13.655
"822",2020-10-15,36,2,13.785,13.53,14.04,8,13.785
"823",2020-10-15,40,3,13.4433333333333,13.27,13.53,9,13.4
"824",2020-10-15,44,3,13.53,13.53,13.53,10,13.53
"825",2020-10-15,48,3,13.44,13.27,13.78,11,13.525
"826",2020-10-15,60,2,13.145,13.02,13.27,12,13.145
"827",2020-10-15,68,3,12.85,12.51,13.02,13,12.765
"828",2020-10-15,72,3,12.43,12.26,12.77,14,12.515
"829",2020-10-15,84,2,12.13,12,12.26,15,12.13
"830",2020-10-15,92,1,12.51,12.51,12.51,16,12.51
"831",2020-10-15,96,1,12.51,12.51,12.51,17,12.51
"832",2020-10-15,124,1,12.51,12.51,12.51,18,12.51
"833",2020-10-16,0,15,14.492,14.04,14.8,1,14.42
"834",2020-10-16,4,2,14.29,14.29,14.29,2,14.29
"835",2020-10-16,8,1,13.53,13.53,13.53,3,13.53
"836",2020-10-16,12,2,13.655,13.27,14.04,4,13.655
"837",2020-10-16,32,1,13.02,13.02,13.02,5,13.02
"838",2020-10-16,44,1,12.77,12.77,12.77,6,12.77
"839",2020-10-16,48,1,13.02,13.02,13.02,7,13.02
"840",2020-10-16,56,1,12.77,12.77,12.77,8,12.77
"841",2020-10-16,60,1,12.77,12.77,12.77,9,12.77
"842",2020-10-16,64,3,12.77,12.77,12.77,10,12.77
"843",2020-10-16,72,1,12.77,12.77,12.77,11,12.77
"844",2020-10-16,84,1,12.77,12.77,12.77,12,12.77
"845",2020-10-16,116,1,12.77,12.77,12.77,13,12.77
"846",2020-10-16,124,1,12.51,12.51,12.51,14,12.51
"847",2020-10-17,0,40,14.4585,13.78,14.54,1,14.16
"848",2020-10-17,4,2,14.54,14.54,14.54,2,14.54
"849",2020-10-17,8,1,14.29,14.29,14.29,3,14.29
"850",2020-10-17,12,1,14.04,14.04,14.04,4,14.04
"851",2020-10-17,24,1,13.78,13.78,13.78,5,13.78
"852",2020-10-17,44,1,14.54,14.54,14.54,6,14.54
"853",2020-10-17,100,1,12.51,12.51,12.51,7,12.51
"854",2020-10-17,108,1,12.51,12.51,12.51,8,12.51
"855",2020-10-17,112,1,12.51,12.51,12.51,9,12.51
"856",2020-10-17,116,2,12.51,12.51,12.51,10,12.51
"857",2020-10-17,136,1,12.26,12.26,12.26,11,12.26
"858",2020-10-18,0,28,14.5042857142857,14.29,14.54,1,14.415
"859",2020-10-18,4,6,14.4566666666667,14.04,14.54,2,14.29
"860",2020-10-18,8,1,14.29,14.29,14.29,3,14.29
"861",2020-10-18,16,1,14.04,14.04,14.04,4,14.04
"862",2020-10-18,36,1,14.54,14.54,14.54,5,14.54
"863",2020-10-18,60,1,14.04,14.04,14.04,6,14.04
"864",2020-10-18,64,1,13.53,13.53,13.53,7,13.53
"865",2020-10-18,88,1,12.26,12.26,12.26,8,12.26
"866",2020-10-18,96,3,12.0866666666667,12,12.26,9,12.13
"867",2020-10-18,100,1,12,12,12,10,12
"868",2020-10-18,104,1,12.26,12.26,12.26,11,12.26
"869",2020-10-18,116,1,12,12,12,12,12
"870",2020-10-18,124,4,12.195,12,12.26,13,12.13
"871",2020-10-18,136,1,12.26,12.26,12.26,14,12.26
"872",2020-10-18,140,3,12.0866666666667,12,12.26,15,12.13
"873",2020-10-18,144,1,12.26,12.26,12.26,16,12.26
"874",2020-10-18,148,3,12.26,12.26,12.26,17,12.26
"875",2020-10-18,152,2,12.26,12.26,12.26,18,12.26
"876",2020-10-19,0,27,14.1881481481481,14.04,14.29,1,14.165
"877",2020-10-19,4,2,14.29,14.29,14.29,2,14.29
"878",2020-10-19,8,2,14.04,14.04,14.04,3,14.04
"879",2020-10-19,12,1,14.29,14.29,14.29,4,14.29
"880",2020-10-19,24,2,14.04,14.04,14.04,5,14.04
"881",2020-10-19,28,2,14.165,14.04,14.29,6,14.165
"882",2020-10-19,32,1,14.04,14.04,14.04,7,14.04
"883",2020-10-19,40,3,14.2066666666667,14.04,14.29,8,14.165
"884",2020-10-19,68,1,12.26,12.26,12.26,9,12.26
"885",2020-10-19,104,1,11.75,11.75,11.75,10,11.75
"886",2020-10-19,108,1,11.75,11.75,11.75,11,11.75
"887",2020-10-19,120,2,11.75,11.75,11.75,12,11.75
"888",2020-10-19,124,2,11.75,11.75,11.75,13,11.75
"889",2020-10-19,128,3,11.75,11.75,11.75,14,11.75
"890",2020-10-19,132,2,11.75,11.75,11.75,15,11.75
"891",2020-10-19,136,4,11.75,11.75,11.75,16,11.75
"892",2020-10-19,140,2,11.75,11.75,11.75,17,11.75
"893",2020-10-19,144,2,11.75,11.75,11.75,18,11.75
"894",2020-10-20,0,29,14.2555172413793,14.04,14.54,1,14.29
"895",2020-10-20,4,4,14.415,14.29,14.54,2,14.415
"896",2020-10-20,8,2,14.165,14.04,14.29,3,14.165
"897",2020-10-20,24,1,14.29,14.29,14.29,4,14.29
"898",2020-10-20,28,2,14.04,14.04,14.04,5,14.04
"899",2020-10-20,32,2,13.78,13.02,14.54,6,13.78
"900",2020-10-20,36,1,14.54,14.54,14.54,7,14.54
"901",2020-10-20,40,1,14.54,14.54,14.54,8,14.54
"902",2020-10-20,52,1,14.54,14.54,14.54,9,14.54
"903",2020-10-20,84,1,12,12,12,10,12
"904",2020-10-20,96,1,12,12,12,11,12
"905",2020-10-20,100,1,12,12,12,12,12
"906",2020-10-20,104,2,12,12,12,13,12
"907",2020-10-20,108,1,12,12,12,14,12
"908",2020-10-20,112,3,12,12,12,15,12
"909",2020-10-20,120,1,12,12,12,16,12
"910",2020-10-20,124,2,12,12,12,17,12
"911",2020-10-20,128,2,12,12,12,18,12
"912",2020-10-20,132,2,11.875,11.75,12,19,11.875
"913",2020-10-20,140,1,12,12,12,20,12
"914",2020-10-21,0,15,14.5066666666667,14.29,14.54,1,14.415
"915",2020-10-21,4,6,14.54,14.54,14.54,2,14.54
"916",2020-10-21,8,2,14.54,14.54,14.54,3,14.54
"917",2020-10-21,16,1,14.54,14.54,14.54,4,14.54
"918",2020-10-21,24,1,14.29,14.29,14.29,5,14.29
"919",2020-10-21,36,2,14.415,14.29,14.54,6,14.415
"920",2020-10-21,44,1,14.54,14.54,14.54,7,14.54
"921",2020-10-21,48,1,13.53,13.53,13.53,8,13.53
"922",2020-10-21,56,2,13.655,13.27,14.04,9,13.655
"923",2020-10-21,60,1,14.04,14.04,14.04,10,14.04
"924",2020-10-21,64,2,14.29,14.29,14.29,11,14.29
"925",2020-10-21,76,1,13.78,13.78,13.78,12,13.78
"926",2020-10-21,88,1,12.77,12.77,12.77,13,12.77
"927",2020-10-21,96,1,13.02,13.02,13.02,14,13.02
"928",2020-10-21,100,4,12.77,12.77,12.77,15,12.77
"929",2020-10-21,112,1,12.51,12.51,12.51,16,12.51
"930",2020-10-21,124,1,12.51,12.51,12.51,17,12.51
"931",2020-10-21,128,2,12.51,12.51,12.51,18,12.51
"932",2020-10-21,132,2,12.64,12.51,12.77,19,12.64
"933",2020-10-21,136,2,12.51,12.51,12.51,20,12.51
"934",2020-10-21,140,1,12.51,12.51,12.51,21,12.51
"935",2020-10-21,144,2,12.64,12.51,12.77,22,12.64
"936",2020-10-21,148,3,12.5966666666667,12.51,12.77,23,12.64
"937",2020-10-21,152,2,12.26,12.26,12.26,24,12.26
"938",2020-10-21,156,3,12.51,12.51,12.51,25,12.51
"939",2020-10-22,0,16,14.1025,14.04,14.29,1,14.165
"940",2020-10-22,16,2,14.035,13.78,14.29,2,14.035
"941",2020-10-22,20,3,13.9533333333333,13.78,14.04,3,13.91
"942",2020-10-22,24,2,14.04,14.04,14.04,4,14.04
"943",2020-10-22,28,1,14.29,14.29,14.29,5,14.29
"944",2020-10-22,36,4,14.29,14.04,14.54,6,14.29
"945",2020-10-22,44,1,13.78,13.78,13.78,7,13.78
"946",2020-10-22,48,2,13.91,13.78,14.04,8,13.91
"947",2020-10-22,60,1,13.53,13.53,13.53,9,13.53
"948",2020-10-22,68,1,13.02,13.02,13.02,10,13.02
"949",2020-10-22,80,2,11.875,11.75,12,11,11.875
"950",2020-10-22,84,2,11.75,11.75,11.75,12,11.75
"951",2020-10-22,88,1,11.75,11.75,11.75,13,11.75
"952",2020-10-22,96,3,11.8333333333333,11.75,12,14,11.875
"953",2020-10-22,108,2,11.625,11.5,11.75,15,11.625
"954",2020-10-22,116,1,12,12,12,16,12
"955",2020-10-22,120,1,11.5,11.5,11.5,17,11.5
"956",2020-10-22,132,2,11.75,11.75,11.75,18,11.75
"957",2020-10-22,136,2,11.75,11.75,11.75,19,11.75
"958",2020-10-22,140,3,11.75,11.75,11.75,20,11.75
"959",2020-10-22,144,3,12.0033333333333,11.75,12.26,21,12.005
"960",2020-10-22,148,1,12,12,12,22,12
"961",2020-10-22,152,2,12.13,12,12.26,23,12.13
"962",2020-10-22,156,2,12.26,11.75,12.77,24,12.26
"963",2020-10-23,0,26,13.9184615384615,13.78,14.29,1,14.035
"964",2020-10-23,4,3,13.8666666666667,13.78,14.04,2,13.91
"965",2020-10-23,16,2,14.04,14.04,14.04,3,14.04
"966",2020-10-23,28,1,13.78,13.78,13.78,4,13.78
"967",2020-10-23,36,3,13.8666666666667,13.78,14.04,5,13.91
"968",2020-10-23,40,2,14.165,14.04,14.29,6,14.165
"969",2020-10-23,44,3,13.7833333333333,13.53,14.04,7,13.785
"970",2020-10-23,48,1,14.04,14.04,14.04,8,14.04
"971",2020-10-23,56,1,11.5,11.5,11.5,9,11.5
"972",2020-10-23,68,2,11.75,11.5,12,10,11.75
"973",2020-10-23,80,1,11.5,11.5,11.5,11,11.5
"974",2020-10-23,124,2,11.115,10.99,11.24,12,11.115
"975",2020-10-23,128,3,11.3266666666667,11.24,11.5,13,11.37
"976",2020-10-23,132,7,11.3514285714286,11.24,11.5,14,11.37
"977",2020-10-23,136,3,11.3266666666667,11.24,11.5,15,11.37
"978",2020-10-24,0,26,14.02,13.78,14.04,1,13.91
"979",2020-10-24,4,4,14.04,14.04,14.04,2,14.04
"980",2020-10-24,24,1,14.04,14.04,14.04,3,14.04
"981",2020-10-24,40,1,14.29,14.29,14.29,4,14.29
"982",2020-10-24,44,2,14.035,13.78,14.29,5,14.035
"983",2020-10-24,48,2,14.165,14.04,14.29,6,14.165
"984",2020-10-24,72,1,11.5,11.5,11.5,7,11.5
"985",2020-10-24,116,5,11.24,11.24,11.24,8,11.24
"986",2020-10-24,120,7,11.24,11.24,11.24,9,11.24
"987",2020-10-24,124,2,11.24,11.24,11.24,10,11.24
"988",2020-10-24,128,1,10.99,10.99,10.99,11,10.99
"989",2020-10-24,132,7,11.1685714285714,10.99,11.24,12,11.115
"990",2020-10-24,136,1,11.5,11.5,11.5,13,11.5
"991",2020-10-25,0,6,13.8666666666667,13.78,14.04,1,13.91
"992",2020-10-25,4,8,13.7175,13.53,13.78,2,13.655
"993",2020-10-25,8,1,13.78,13.78,13.78,3,13.78
"994",2020-10-25,12,1,13.53,13.53,13.53,4,13.53
"995",2020-10-25,44,3,13.9533333333333,13.78,14.04,5,13.91
"996",2020-10-25,48,2,13.53,13.53,13.53,6,13.53
"997",2020-10-25,120,2,10.99,10.99,10.99,7,10.99
"998",2020-10-25,124,5,11.14,10.99,11.24,8,11.115
"999",2020-10-25,128,2,11.24,11.24,11.24,9,11.24
"1000",2020-10-25,132,8,11.24,11.24,11.24,10,11.24
"1001",2020-10-26,0,17,13.5447058823529,13.53,13.78,1,13.655
"1002",2020-10-26,4,2,13.78,13.78,13.78,2,13.78
"1003",2020-10-26,12,2,13.655,13.53,13.78,3,13.655
"1004",2020-10-26,16,1,13.78,13.78,13.78,4,13.78
"1005",2020-10-26,20,1,13.78,13.78,13.78,5,13.78
"1006",2020-10-26,28,2,13.655,13.53,13.78,6,13.655
"1007",2020-10-26,36,1,13.53,13.53,13.53,7,13.53
"1008",2020-10-26,40,1,13.78,13.78,13.78,8,13.78
"1009",2020-10-26,44,1,13.27,13.27,13.27,9,13.27
"1010",2020-10-26,52,4,13.655,13.53,13.78,10,13.655
"1011",2020-10-26,56,4,13.5925,13.53,13.78,11,13.655
"1012",2020-10-26,60,1,13.53,13.53,13.53,12,13.53
"1013",2020-10-26,64,4,11.8775,11.24,12.26,13,11.75
"1014",2020-10-26,68,3,10.73,10.73,10.73,14,10.73
"1015",2020-10-26,72,4,10.9225,10.73,11.5,15,11.115
"1016",2020-10-26,76,3,10.8166666666667,10.73,10.99,16,10.86
"1017",2020-10-26,80,1,10.73,10.73,10.73,17,10.73
"1018",2020-10-27,0,15,13.4773333333333,13.27,13.78,1,13.525
"1019",2020-10-27,4,7,13.6728571428571,13.53,13.78,2,13.655
"1020",2020-10-27,8,6,13.6133333333333,13.53,13.78,3,13.655
"1021",2020-10-27,12,3,13.53,13.53,13.53,4,13.53
"1022",2020-10-27,16,5,13.58,13.53,13.78,5,13.655
"1023",2020-10-27,20,2,13.53,13.53,13.53,6,13.53
"1024",2020-10-27,24,3,13.53,13.53,13.53,7,13.53
"1025",2020-10-27,28,6,13.53,13.53,13.53,8,13.53
"1026",2020-10-27,32,3,13.53,13.53,13.53,9,13.53
"1027",2020-10-27,36,6,13.53,13.53,13.53,10,13.53
"1028",2020-10-27,40,3,13.53,13.53,13.53,11,13.53
"1029",2020-10-27,44,1,13.53,13.53,13.53,12,13.53
"1030",2020-10-28,0,18,13.3566666666667,13.27,13.53,1,13.4
"1031",2020-10-28,4,6,13.4,13.27,13.53,2,13.4
"1032",2020-10-28,8,6,13.4,13.27,13.53,3,13.4
"1033",2020-10-28,12,5,13.322,13.27,13.53,4,13.4
"1034",2020-10-28,16,2,13.4,13.27,13.53,5,13.4
"1035",2020-10-28,20,2,13.53,13.53,13.53,6,13.53
"1036",2020-10-28,24,2,13.53,13.53,13.53,7,13.53
"1037",2020-10-28,28,4,13.53,13.53,13.53,8,13.53
"1038",2020-10-28,32,5,13.478,13.27,13.53,9,13.4
"1039",2020-10-28,36,2,13.53,13.53,13.53,10,13.53
"1040",2020-10-28,40,4,13.53,13.53,13.53,11,13.53
"1041",2020-10-28,44,2,13.53,13.53,13.53,12,13.53
"1042",2020-10-28,48,2,13.27,13.27,13.27,13,13.27
"1043",2020-10-29,0,8,13.3025,13.27,13.53,1,13.4
"1044",2020-10-29,4,10,13.296,13.27,13.53,2,13.4
"1045",2020-10-29,8,7,13.27,13.27,13.27,3,13.27
"1046",2020-10-29,12,3,13.3566666666667,13.27,13.53,4,13.4
"1047",2020-10-29,16,1,13.27,13.27,13.27,5,13.27
"1048",2020-10-29,20,2,13.27,13.27,13.27,6,13.27
"1049",2020-10-29,24,2,13.27,13.27,13.27,7,13.27
"1050",2020-10-29,28,6,13.27,13.27,13.27,8,13.27
"1051",2020-10-29,40,6,13.3133333333333,13.27,13.53,9,13.4
"1052",2020-10-29,44,2,13.4,13.27,13.53,10,13.4
"1053",2020-10-29,48,3,13.27,13.27,13.27,11,13.27
"1054",2020-10-29,52,3,13.27,13.27,13.27,12,13.27
"1055",2020-10-29,56,2,13.4,13.27,13.53,13,13.4
"1056",2020-10-29,60,2,13.27,13.27,13.27,14,13.27
"1057",2020-10-29,64,2,12.51,12.51,12.51,15,12.51
"1058",2020-10-29,72,1,12.26,12.26,12.26,16,12.26
"1059",2020-10-30,0,6,13.2283333333333,13.02,13.27,1,13.145
"1060",2020-10-30,4,3,13.1033333333333,13.02,13.27,2,13.145
"1061",2020-10-30,8,3,13.02,13.02,13.02,3,13.02
"1062",2020-10-30,12,5,13.172,13.02,13.53,4,13.275
"1063",2020-10-30,16,6,13.105,13.02,13.53,5,13.275
"1064",2020-10-30,20,4,13.2725,13.02,13.53,6,13.275
"1065",2020-10-30,24,1,13.27,13.27,13.27,7,13.27
"1066",2020-10-30,28,3,13.27,13.27,13.27,8,13.27
"1067",2020-10-30,32,1,13.27,13.27,13.27,9,13.27
"1068",2020-10-30,44,1,13.27,13.27,13.27,10,13.27
"1069",2020-10-30,52,1,13.27,13.27,13.27,11,13.27
"1070",2020-10-30,60,5,13.17,12.77,13.27,12,13.02
"1071",2020-10-30,64,5,12.868,12.51,13.27,13,12.89
"1072",2020-10-30,68,1,13.02,13.02,13.02,14,13.02
"1073",2020-10-30,72,4,12.8925,12.26,13.27,15,12.765
"1074",2020-10-30,76,3,11.92,11.75,12.26,16,12.005
"1075",2020-10-31,0,6,13.1033333333333,13.02,13.27,1,13.145
"1076",2020-10-31,4,5,13.12,13.02,13.27,2,13.145
"1077",2020-10-31,8,4,13.145,13.02,13.27,3,13.145
"1078",2020-10-31,12,8,13.145,13.02,13.27,4,13.145
"1079",2020-10-31,16,6,13.1033333333333,13.02,13.27,5,13.145
"1080",2020-10-31,20,4,13.2075,13.02,13.27,6,13.145
"1081",2020-10-31,24,4,13.2075,13.02,13.27,7,13.145
"1082",2020-10-31,28,2,13.27,13.27,13.27,8,13.27
"1083",2020-10-31,32,1,13.27,13.27,13.27,9,13.27
"1084",2020-10-31,36,3,13.27,13.27,13.27,10,13.27
"1085",2020-10-31,40,1,13.27,13.27,13.27,11,13.27
"1086",2020-10-31,48,5,13.22,13.02,13.27,12,13.145
"1087",2020-10-31,52,5,13.17,13.02,13.27,13,13.145
"1088",2020-10-31,60,1,13.27,13.27,13.27,14,13.27
"1089",2020-10-31,64,2,13.145,13.02,13.27,15,13.145
"1090",2020-10-31,68,2,13.02,13.02,13.02,16,13.02
"1091",2020-10-31,72,1,13.02,13.02,13.02,17,13.02
"1092",2020-11-01,0,4,13.0825,13.02,13.27,1,13.145
"1093",2020-11-01,4,6,12.9783333333333,12.77,13.27,2,13.02
"1094",2020-11-01,8,6,12.895,12.77,13.02,3,12.895
"1095",2020-11-01,12,6,12.8533333333333,12.77,13.02,4,12.895
"1096",2020-11-01,16,5,12.82,12.77,13.02,5,12.895
"1097",2020-11-01,20,4,12.9575,12.77,13.02,6,12.895
"1098",2020-11-01,24,1,13.27,13.27,13.27,7,13.27
"1099",2020-11-01,28,2,13.145,13.02,13.27,8,13.145
"1100",2020-11-01,32,5,13.22,13.02,13.27,9,13.145
"1101",2020-11-01,36,3,13.02,13.02,13.02,10,13.02
"1102",2020-11-01,40,1,12.77,12.77,12.77,11,12.77
"1103",2020-11-01,44,2,13.02,13.02,13.02,12,13.02
"1104",2020-11-01,48,3,13.02,13.02,13.02,13,13.02
"1105",2020-11-01,52,4,13.0825,13.02,13.27,14,13.145
"1106",2020-11-01,56,5,13.02,13.02,13.02,15,13.02
"1107",2020-11-01,60,2,13.02,13.02,13.02,16,13.02
"1108",2020-11-01,64,1,13.02,13.02,13.02,17,13.02
"1109",2020-11-02,0,5,12.26,12.26,12.26,1,12.26
"1110",2020-11-02,4,6,12.3016666666667,12.26,12.51,2,12.385
"1111",2020-11-02,8,4,12.3875,12.26,12.77,3,12.515
"1112",2020-11-02,12,5,12.31,12.26,12.51,4,12.385
"1113",2020-11-02,16,3,12.43,12.26,12.77,5,12.515
"1114",2020-11-02,20,1,12.26,12.26,12.26,6,12.26
"1115",2020-11-02,24,1,12.26,12.26,12.26,7,12.26
"1116",2020-11-02,32,4,12.2575,12,12.51,8,12.255
"1117",2020-11-02,40,7,12.2585714285714,12,12.51,9,12.255
"1118",2020-11-02,44,3,12.26,12.26,12.26,10,12.26
"1119",2020-11-02,48,7,12.1857142857143,11.75,12.51,11,12.13
"1120",2020-11-02,52,5,12.258,12,12.51,12,12.255
"1121",2020-11-02,56,3,12.26,12.26,12.26,13,12.26
"1122",2020-11-02,60,5,12.156,11.75,12.51,14,12.13
"1123",2020-11-02,64,1,10.73,10.73,10.73,15,10.73
"1124",2020-11-03,0,2,11.24,11.24,11.24,1,11.24
"1125",2020-11-03,4,4,11.305,11.24,11.5,2,11.37
"1126",2020-11-03,8,10,11.494,11.24,12,3,11.62
"1127",2020-11-03,12,8,11.65375,11.24,12,4,11.62
"1128",2020-11-03,16,2,11.495,11.24,11.75,5,11.495
"1129",2020-11-03,20,1,11.24,11.24,11.24,6,11.24
"1130",2020-11-03,24,1,11.24,11.24,11.24,7,11.24
"1131",2020-11-03,28,2,11.875,11.75,12,8,11.875
"1132",2020-11-03,32,1,12,12,12,9,12
"1133",2020-11-03,36,3,11.5833333333333,11.5,11.75,10,11.625
"1134",2020-11-03,40,2,11.37,11.24,11.5,11,11.37
"1135",2020-11-03,44,1,12,12,12,12,12
"1136",2020-11-03,48,1,11.5,11.5,11.5,13,11.5
"1137",2020-11-03,52,4,11.75,11.5,12,14,11.75
"1138",2020-11-03,56,4,11.9375,11.75,12,15,11.875
"1139",2020-11-03,60,5,11.7,11.5,11.75,16,11.625
"1140",2020-11-03,64,8,11.6875,11.5,12,17,11.75
"1141",2020-11-03,72,1,11.5,11.5,11.5,18,11.5
"1142",2020-11-04,0,2,11.5,11.5,11.5,1,11.5
"1143",2020-11-04,4,5,11.55,11.5,11.75,2,11.625
"1144",2020-11-04,8,6,11.5833333333333,11.5,11.75,3,11.625
"1145",2020-11-04,12,4,11.625,11.5,11.75,4,11.625
"1146",2020-11-04,16,1,11.5,11.5,11.5,5,11.5
"1147",2020-11-04,20,1,11.75,11.75,11.75,6,11.75
"1148",2020-11-04,24,1,11.75,11.75,11.75,7,11.75
"1149",2020-11-04,32,1,11.75,11.75,11.75,8,11.75
"1150",2020-11-04,36,1,11.75,11.75,11.75,9,11.75
"1151",2020-11-04,40,3,11.5,11.5,11.5,10,11.5
"1152",2020-11-04,44,1,11.5,11.5,11.5,11,11.5
"1153",2020-11-04,48,2,11.625,11.5,11.75,12,11.625
"1154",2020-11-04,52,2,11.75,11.75,11.75,13,11.75
"1155",2020-11-04,60,4,11.625,11.5,11.75,14,11.625
"1156",2020-11-04,64,5,11.65,11.5,11.75,15,11.625
"1157",2020-11-04,68,3,11.5833333333333,11.5,11.75,16,11.625
"1158",2020-11-04,72,4,11.5625,11.5,11.75,17,11.625
"1159",2020-11-04,76,4,11.245,10.99,11.5,18,11.245
"1160",2020-11-04,80,1,10.73,10.73,10.73,19,10.73
"1161",2020-11-04,84,6,10.73,10.73,10.73,20,10.73
"1162",2020-11-04,88,3,10.73,10.73,10.73,21,10.73
"1163",2020-11-05,0,7,11.5,11.5,11.5,1,11.5
"1164",2020-11-05,4,5,11.448,11.24,11.5,2,11.37
"1165",2020-11-05,8,1,11.5,11.5,11.5,3,11.5
"1166",2020-11-05,12,1,11.5,11.5,11.5,4,11.5
"1167",2020-11-05,16,1,11.5,11.5,11.5,5,11.5
"1168",2020-11-05,28,1,11.5,11.5,11.5,6,11.5
"1169",2020-11-05,36,1,11.5,11.5,11.5,7,11.5
"1170",2020-11-05,40,2,11.5,11.5,11.5,8,11.5
"1171",2020-11-05,44,1,11.5,11.5,11.5,9,11.5
"1172",2020-11-05,56,4,11.5,11.5,11.5,10,11.5
"1173",2020-11-05,64,5,11.5,11.5,11.5,11,11.5
"1174",2020-11-05,68,5,11.5,11.5,11.5,12,11.5
"1175",2020-11-05,72,10,11.5,11.5,11.5,13,11.5
"1176",2020-11-05,76,3,11.07,10.73,11.24,14,10.985
"1177",2020-11-05,80,3,10.9033333333333,10.48,11.5,15,10.99
"1178",2020-11-05,88,2,10.61,10.23,10.99,16,10.61
"1179",2020-11-05,112,3,9.72,9.72,9.72,17,9.72
"1180",2020-11-05,116,2,9.97,9.97,9.97,18,9.97
"1181",2020-11-05,120,2,9.97,9.97,9.97,19,9.97
"1182",2020-11-05,124,1,9.97,9.97,9.97,20,9.97
"1183",2020-11-06,0,6,11.5,11.5,11.5,1,11.5
"1184",2020-11-06,4,5,11.6,11.5,11.75,2,11.625
"1185",2020-11-06,8,7,11.5357142857143,11.5,11.75,3,11.625
"1186",2020-11-06,12,10,11.7,11.5,11.75,4,11.625
"1187",2020-11-06,16,9,11.6388888888889,11.5,11.75,5,11.625
"1188",2020-11-06,20,7,11.5357142857143,11.5,11.75,6,11.625
"1189",2020-11-06,24,3,11.75,11.75,11.75,7,11.75
"1190",2020-11-06,28,3,11.75,11.75,11.75,8,11.75
"1191",2020-11-06,40,1,11.5,11.5,11.5,9,11.5
"1192",2020-11-06,64,1,11.75,11.75,11.75,10,11.75
"1193",2020-11-07,0,25,11.4272,11.24,11.5,1,11.37
"1194",2020-11-07,4,4,11.37,11.24,11.5,2,11.37
"1195",2020-11-07,8,1,11.5,11.5,11.5,3,11.5
"1196",2020-11-07,12,2,11.37,11.24,11.5,4,11.37
"1197",2020-11-07,16,3,11.3266666666667,11.24,11.5,5,11.37
"1198",2020-11-07,20,1,11.24,11.24,11.24,6,11.24
"1199",2020-11-07,24,4,11.24,11.24,11.24,7,11.24
"1200",2020-11-07,28,5,11.292,11.24,11.5,8,11.37
"1201",2020-11-07,32,1,11.24,11.24,11.24,9,11.24
"1202",2020-11-07,36,1,11.24,11.24,11.24,10,11.24
"1203",2020-11-07,40,2,11.5,11.5,11.5,11,11.5
"1204",2020-11-07,56,1,11.24,11.24,11.24,12,11.24
"1205",2020-11-07,80,1,11.5,11.5,11.5,13,11.5
"1206",2020-11-07,84,1,11.24,11.24,11.24,14,11.24
"1207",2020-11-08,0,31,11.4748387096774,11.24,11.5,1,11.37
"1208",2020-11-08,12,1,11.5,11.5,11.5,2,11.5
"1209",2020-11-08,16,2,11.5,11.5,11.5,3,11.5
"1210",2020-11-08,20,2,11.5,11.5,11.5,4,11.5
"1211",2020-11-08,24,1,11.5,11.5,11.5,5,11.5
"1212",2020-11-08,28,2,11.37,11.24,11.5,6,11.37
"1213",2020-11-08,32,2,11.37,11.24,11.5,7,11.37
"1214",2020-11-08,36,3,11.3266666666667,11.24,11.5,8,11.37
"1215",2020-11-08,48,1,11.5,11.5,11.5,9,11.5
"1216",2020-11-08,52,1,11.24,11.24,11.24,10,11.24
"1217",2020-11-08,68,1,11.24,11.24,11.24,11,11.24
"1218",2020-11-08,76,1,11.24,11.24,11.24,12,11.24
"1219",2020-11-08,92,1,11.24,11.24,11.24,13,11.24
"1220",2020-11-08,104,2,11.24,11.24,11.24,14,11.24
"1221",2020-11-08,116,1,11.24,11.24,11.24,15,11.24
"1222",2020-11-09,0,15,11.448,11.24,11.5,1,11.37
"1223",2020-11-09,4,3,11.5,11.5,11.5,2,11.5
"1224",2020-11-09,8,1,11.5,11.5,11.5,3,11.5
"1225",2020-11-09,12,2,11.5,11.5,11.5,4,11.5
"1226",2020-11-09,16,3,11.24,11.24,11.24,5,11.24
"1227",2020-11-09,20,5,11.344,11.24,11.5,6,11.37
"1228",2020-11-09,24,4,11.435,11.24,11.5,7,11.37
"1229",2020-11-09,28,5,11.24,11.24,11.24,8,11.24
"1230",2020-11-09,32,2,11.5,11.5,11.5,9,11.5
"1231",2020-11-09,36,3,11.4133333333333,11.24,11.5,10,11.37
"1232",2020-11-09,40,4,11.37,11.24,11.5,11,11.37
"1233",2020-11-09,44,1,11.5,11.5,11.5,12,11.5
"1234",2020-11-09,52,3,11.3266666666667,11.24,11.5,13,11.37
"1235",2020-11-09,56,1,11.24,11.24,11.24,14,11.24
"1236",2020-11-09,60,1,11.24,11.24,11.24,15,11.24
"1237",2020-11-09,68,1,11.24,11.24,11.24,16,11.24
"1238",2020-11-09,72,1,11.24,11.24,11.24,17,11.24
"1239",2020-11-09,76,2,11.24,11.24,11.24,18,11.24
"1240",2020-11-09,80,1,11.24,11.24,11.24,19,11.24
"1241",2020-11-09,88,1,11.24,11.24,11.24,20,11.24
"1242",2020-11-09,104,1,11.24,11.24,11.24,21,11.24
"1243",2020-11-10,0,26,11.48,11.24,11.5,1,11.37
"1244",2020-11-10,4,3,11.5,11.5,11.5,2,11.5
"1245",2020-11-10,8,1,11.5,11.5,11.5,3,11.5
"1246",2020-11-10,12,1,11.24,11.24,11.24,4,11.24
"1247",2020-11-10,24,3,11.5,11.5,11.5,5,11.5
"1248",2020-11-10,32,2,11.5,11.5,11.5,6,11.5
"1249",2020-11-10,36,2,11.37,11.24,11.5,7,11.37
"1250",2020-11-10,40,6,11.4566666666667,11.24,11.5,8,11.37
"1251",2020-11-10,44,1,11.24,11.24,11.24,9,11.24
"1252",2020-11-10,48,2,11.37,11.24,11.5,10,11.37
"1253",2020-11-10,52,1,11.24,11.24,11.24,11,11.24
"1254",2020-11-10,60,1,11.24,11.24,11.24,12,11.24
"1255",2020-11-10,64,2,11.37,11.24,11.5,13,11.37
"1256",2020-11-10,72,3,11.4133333333333,11.24,11.5,14,11.37
"1257",2020-11-10,76,1,11.24,11.24,11.24,15,11.24
"1258",2020-11-10,88,2,11.24,11.24,11.24,16,11.24
"1259",2020-11-10,92,1,11.24,11.24,11.24,17,11.24
"1260",2020-11-10,96,1,11.24,11.24,11.24,18,11.24
"1261",2020-11-10,100,1,11.24,11.24,11.24,19,11.24
"1262",2020-11-11,0,30,11.2833333333333,11.24,11.5,1,11.37
"1263",2020-11-11,4,1,11.24,11.24,11.24,2,11.24
"1264",2020-11-11,12,2,11.24,11.24,11.24,3,11.24
"1265",2020-11-11,16,1,11.5,11.5,11.5,4,11.5
"1266",2020-11-11,24,1,11.5,11.5,11.5,5,11.5
"1267",2020-11-11,28,3,11.4133333333333,11.24,11.5,6,11.37
"1268",2020-11-11,32,1,11.5,11.5,11.5,7,11.5
"1269",2020-11-11,48,1,11.5,11.5,11.5,8,11.5
"1270",2020-11-11,60,2,11.24,11.24,11.24,9,11.24
"1271",2020-11-11,68,2,11.37,11.24,11.5,10,11.37
"1272",2020-11-11,76,2,11.24,11.24,11.24,11,11.24
"1273",2020-11-11,80,1,11.24,11.24,11.24,12,11.24
"1274",2020-11-11,84,1,11.24,11.24,11.24,13,11.24
"1275",2020-11-11,88,2,11.24,11.24,11.24,14,11.24
"1276",2020-11-11,92,2,11.24,11.24,11.24,15,11.24
"1277",2020-11-11,96,2,11.24,11.24,11.24,16,11.24
"1278",2020-11-11,100,1,11.24,11.24,11.24,17,11.24
"1279",2020-11-11,104,2,11.24,11.24,11.24,18,11.24
"1280",2020-11-11,108,2,11.24,11.24,11.24,19,11.24
"1281",2020-11-11,120,1,10.99,10.99,10.99,20,10.99
"1282",2020-11-12,0,31,11.1835483870968,10.99,11.24,1,11.115
"1283",2020-11-12,12,1,11.24,11.24,11.24,2,11.24
"1284",2020-11-12,16,1,11.24,11.24,11.24,3,11.24
"1285",2020-11-12,24,2,11.24,11.24,11.24,4,11.24
"1286",2020-11-12,28,3,11.24,11.24,11.24,5,11.24
"1287",2020-11-12,48,1,11.24,11.24,11.24,6,11.24
"1288",2020-11-12,52,2,11.24,11.24,11.24,7,11.24
"1289",2020-11-12,56,2,11.24,11.24,11.24,8,11.24
"1290",2020-11-12,60,2,11.24,11.24,11.24,9,11.24
"1291",2020-11-12,68,3,11.24,11.24,11.24,10,11.24
"1292",2020-11-12,80,2,11.24,11.24,11.24,11,11.24
"1293",2020-11-12,84,1,11.24,11.24,11.24,12,11.24
"1294",2020-11-12,100,2,11.24,11.24,11.24,13,11.24
"1295",2020-11-12,104,3,11.24,11.24,11.24,14,11.24
"1296",2020-11-12,108,1,10.99,10.99,10.99,15,10.99
"1297",2020-11-12,116,2,11.24,11.24,11.24,16,11.24
"1298",2020-11-12,124,1,10.99,10.99,10.99,17,10.99
"1299",2020-11-13,0,30,11.24,11.24,11.24,1,11.24
"1300",2020-11-13,4,1,11.24,11.24,11.24,2,11.24
"1301",2020-11-13,12,1,11.24,11.24,11.24,3,11.24
"1302",2020-11-13,28,2,11.24,11.24,11.24,4,11.24
"1303",2020-11-13,32,2,11.24,11.24,11.24,5,11.24
"1304",2020-11-13,56,1,11.24,11.24,11.24,6,11.24
"1305",2020-11-13,72,1,11.24,11.24,11.24,7,11.24
"1306",2020-11-13,76,1,11.24,11.24,11.24,8,11.24
"1307",2020-11-13,80,1,11.24,11.24,11.24,9,11.24
"1308",2020-11-13,88,1,11.24,11.24,11.24,10,11.24
"1309",2020-11-13,96,1,11.24,11.24,11.24,11,11.24
"1310",2020-11-13,100,1,10.99,10.99,10.99,12,10.99
"1311",2020-11-13,104,1,10.99,10.99,10.99,13,10.99
"1312",2020-11-13,108,2,11.24,11.24,11.24,14,11.24
"1313",2020-11-13,112,1,11.24,11.24,11.24,15,11.24
"1314",2020-11-13,116,1,10.99,10.99,10.99,16,10.99
"1315",2020-11-13,120,2,11.115,10.99,11.24,17,11.115
"1316",2020-11-13,124,2,10.99,10.99,10.99,18,10.99
"1317",2020-11-13,128,3,10.99,10.99,10.99,19,10.99
"1318",2020-11-13,132,2,10.99,10.99,10.99,20,10.99
"1319",2020-11-13,140,1,10.99,10.99,10.99,21,10.99
"1320",2020-11-13,144,1,10.99,10.99,10.99,22,10.99
"1321",2020-11-13,148,1,10.99,10.99,10.99,23,10.99
"1322",2020-11-14,0,2,10.99,10.99,10.99,1,10.99
"1323",2020-11-14,4,3,11.24,11.24,11.24,2,11.24
"1324",2020-11-14,12,1,11.24,11.24,11.24,3,11.24
"1325",2020-11-14,28,1,11.24,11.24,11.24,4,11.24
"1326",2020-11-14,32,1,11.24,11.24,11.24,5,11.24
"1327",2020-11-14,40,2,11.24,11.24,11.24,6,11.24
"1328",2020-11-14,56,1,11.24,11.24,11.24,7,11.24
"1329",2020-11-14,84,1,11.24,11.24,11.24,8,11.24
"1330",2020-11-14,92,1,11.24,11.24,11.24,9,11.24
"1331",2020-11-14,100,3,11.24,11.24,11.24,10,11.24
"1332",2020-11-14,104,1,11.24,11.24,11.24,11,11.24
"1333",2020-11-14,112,1,11.24,11.24,11.24,12,11.24
"1334",2020-11-14,116,4,11.24,11.24,11.24,13,11.24
"1335",2020-11-14,120,4,11.24,11.24,11.24,14,11.24
"1336",2020-11-14,124,3,11.1566666666667,10.99,11.24,15,11.115
"1337",2020-11-14,128,3,11.1566666666667,10.99,11.24,16,11.115
"1338",2020-11-14,132,1,11.24,11.24,11.24,17,11.24
"1339",2020-11-15,0,26,10.99,10.99,10.99,1,10.99
"1340",2020-11-15,28,1,10.99,10.99,10.99,2,10.99
"1341",2020-11-15,32,1,10.99,10.99,10.99,3,10.99
"1342",2020-11-15,40,1,10.99,10.99,10.99,4,10.99
"1343",2020-11-15,48,1,10.99,10.99,10.99,5,10.99
"1344",2020-11-15,52,1,10.99,10.99,10.99,6,10.99
"1345",2020-11-15,60,1,10.99,10.99,10.99,7,10.99
"1346",2020-11-15,64,1,10.99,10.99,10.99,8,10.99
"1347",2020-11-15,68,1,10.99,10.99,10.99,9,10.99
"1348",2020-11-15,80,1,10.99,10.99,10.99,10,10.99
"1349",2020-11-15,84,1,10.99,10.99,10.99,11,10.99
"1350",2020-11-15,92,1,10.99,10.99,10.99,12,10.99
"1351",2020-11-15,108,1,10.73,10.73,10.73,13,10.73
"1352",2020-11-15,116,2,10.99,10.99,10.99,14,10.99
"1353",2020-11-15,124,1,10.73,10.73,10.73,15,10.73
"1354",2020-11-15,136,1,10.99,10.99,10.99,16,10.99
"1355",2020-11-15,156,4,10.5425,10.48,10.73,17,10.605
"1356",2020-11-15,172,1,10.23,10.23,10.23,18,10.23
"1357",2020-11-15,176,2,10.355,10.23,10.48,19,10.355
"1358",2020-11-15,188,1,10.48,10.48,10.48,20,10.48
"1359",2020-11-16,0,23,10.9673913043478,10.73,10.99,1,10.86
"1360",2020-11-16,8,1,10.99,10.99,10.99,2,10.99
"1361",2020-11-16,24,1,10.99,10.99,10.99,3,10.99
"1362",2020-11-16,32,2,10.99,10.99,10.99,4,10.99
"1363",2020-11-16,56,1,10.73,10.73,10.73,5,10.73
"1364",2020-11-16,64,1,10.99,10.99,10.99,6,10.99
"1365",2020-11-16,72,1,10.99,10.99,10.99,7,10.99
"1366",2020-11-16,76,1,10.99,10.99,10.99,8,10.99
"1367",2020-11-16,84,2,10.86,10.73,10.99,9,10.86
"1368",2020-11-16,92,1,10.73,10.73,10.73,10,10.73
"1369",2020-11-16,96,2,10.99,10.99,10.99,11,10.99
"1370",2020-11-16,108,2,10.735,10.48,10.99,12,10.735
"1371",2020-11-16,112,1,10.99,10.99,10.99,13,10.99
"1372",2020-11-16,116,1,10.48,10.48,10.48,14,10.48
"1373",2020-11-16,120,1,10.48,10.48,10.48,15,10.48
"1374",2020-11-16,128,2,10.605,10.48,10.73,16,10.605
"1375",2020-11-16,136,1,10.48,10.48,10.48,17,10.48
"1376",2020-11-16,144,1,10.99,10.99,10.99,18,10.99
"1377",2020-11-16,148,2,10.48,10.48,10.48,19,10.48
"1378",2020-11-16,152,4,10.48,10.48,10.48,20,10.48
"1379",2020-11-16,156,1,10.48,10.48,10.48,21,10.48
"1380",2020-11-16,160,2,10.48,10.48,10.48,22,10.48
"1381",2020-11-16,164,1,10.48,10.48,10.48,23,10.48
"1382",2020-11-16,168,2,10.48,10.48,10.48,24,10.48
"1383",2020-11-16,172,1,10.48,10.48,10.48,25,10.48
"1384",2020-11-16,180,1,10.48,10.48,10.48,26,10.48
"1385",2020-11-17,0,19,10.8531578947368,10.73,10.99,1,10.86
"1386",2020-11-17,4,9,10.8744444444444,10.73,10.99,2,10.86
"1387",2020-11-17,8,3,10.8166666666667,10.73,10.99,3,10.86
"1388",2020-11-17,16,1,10.73,10.73,10.73,4,10.73
"1389",2020-11-17,20,1,10.99,10.99,10.99,5,10.99
"1390",2020-11-17,24,1,10.99,10.99,10.99,6,10.99
"1391",2020-11-17,36,1,10.73,10.73,10.73,7,10.73
"1392",2020-11-17,48,1,10.99,10.99,10.99,8,10.99
"1393",2020-11-17,52,2,10.73,10.73,10.73,9,10.73
"1394",2020-11-17,72,1,10.73,10.73,10.73,10,10.73
"1395",2020-11-17,84,1,10.73,10.73,10.73,11,10.73
"1396",2020-11-17,96,2,10.73,10.73,10.73,12,10.73
"1397",2020-11-17,104,1,10.73,10.73,10.73,13,10.73
"1398",2020-11-17,112,2,10.605,10.48,10.73,14,10.605
"1399",2020-11-17,116,1,10.73,10.73,10.73,15,10.73
"1400",2020-11-17,120,3,10.73,10.73,10.73,16,10.73
"1401",2020-11-17,124,3,10.73,10.73,10.73,17,10.73
"1402",2020-11-17,132,1,10.48,10.48,10.48,18,10.48
"1403",2020-11-17,136,1,10.48,10.48,10.48,19,10.48
"1404",2020-11-17,140,1,10.48,10.48,10.48,20,10.48
"1405",2020-11-17,152,2,10.605,10.48,10.73,21,10.605
"1406",2020-11-17,200,1,10.48,10.48,10.48,22,10.48
"1407",2020-11-17,208,1,10.48,10.48,10.48,23,10.48
"1408",2020-11-17,236,1,10.48,10.48,10.48,24,10.48
"1409",2020-11-18,0,28,10.73,10.73,10.73,1,10.73
"1410",2020-11-18,4,4,10.73,10.73,10.73,2,10.73
"1411",2020-11-18,16,1,10.73,10.73,10.73,3,10.73
"1412",2020-11-18,20,1,10.73,10.73,10.73,4,10.73
"1413",2020-11-18,48,1,10.73,10.73,10.73,5,10.73
"1414",2020-11-18,52,1,10.73,10.73,10.73,6,10.73
"1415",2020-11-18,56,1,10.73,10.73,10.73,7,10.73
"1416",2020-11-18,72,1,10.73,10.73,10.73,8,10.73
"1417",2020-11-18,84,1,10.73,10.73,10.73,9,10.73
"1418",2020-11-18,96,1,10.48,10.48,10.48,10,10.48
"1419",2020-11-18,104,2,10.605,10.48,10.73,11,10.605
"1420",2020-11-18,108,1,10.73,10.73,10.73,12,10.73
"1421",2020-11-18,116,1,10.73,10.73,10.73,13,10.73
"1422",2020-11-18,132,2,10.48,10.48,10.48,14,10.48
"1423",2020-11-18,148,2,10.73,10.73,10.73,15,10.73
"1424",2020-11-18,160,2,10.48,10.48,10.48,16,10.48
"1425",2020-11-18,172,1,10.48,10.48,10.48,17,10.48
"1426",2020-11-18,176,1,10.48,10.48,10.48,18,10.48
"1427",2020-11-18,180,2,10.48,10.48,10.48,19,10.48
"1428",2020-11-18,184,2,10.48,10.48,10.48,20,10.48
"1429",2020-11-18,192,1,10.48,10.48,10.48,21,10.48
"1430",2020-11-18,196,1,10.48,10.48,10.48,22,10.48
"1431",2020-11-18,208,1,10.23,10.23,10.23,23,10.23
"1432",2020-11-18,212,1,10.48,10.48,10.48,24,10.48
"1433",2020-11-19,0,19,10.73,10.73,10.73,1,10.73
"1434",2020-11-19,4,2,10.73,10.73,10.73,2,10.73
"1435",2020-11-19,8,1,10.73,10.73,10.73,3,10.73
"1436",2020-11-19,80,1,10.73,10.73,10.73,4,10.73
"1437",2020-11-19,88,1,10.73,10.73,10.73,5,10.73
"1438",2020-11-19,128,1,10.48,10.48,10.48,6,10.48
"1439",2020-11-19,132,1,10.48,10.48,10.48,7,10.48
"1440",2020-11-19,136,1,10.48,10.48,10.48,8,10.48
"1441",2020-11-19,144,1,10.48,10.48,10.48,9,10.48
"1442",2020-11-19,176,1,10.48,10.48,10.48,10,10.48
"1443",2020-11-19,184,1,10.48,10.48,10.48,11,10.48
"1444",2020-11-19,196,1,10.48,10.48,10.48,12,10.48
"1445",2020-11-20,0,24,10.7195833333333,10.48,10.73,1,10.605
"1446",2020-11-20,4,9,10.73,10.73,10.73,2,10.73
"1447",2020-11-20,20,1,10.73,10.73,10.73,3,10.73
"1448",2020-11-20,24,2,10.73,10.73,10.73,4,10.73
"1449",2020-11-20,32,1,10.73,10.73,10.73,5,10.73
"1450",2020-11-20,36,1,10.73,10.73,10.73,6,10.73
"1451",2020-11-20,40,4,10.73,10.73,10.73,7,10.73
"1452",2020-11-20,44,1,10.73,10.73,10.73,8,10.73
"1453",2020-11-20,52,1,10.73,10.73,10.73,9,10.73
"1454",2020-11-20,56,1,10.73,10.73,10.73,10,10.73
"1455",2020-11-20,72,1,10.73,10.73,10.73,11,10.73
"1456",2020-11-20,76,1,10.73,10.73,10.73,12,10.73
"1457",2020-11-20,84,1,10.73,10.73,10.73,13,10.73
"1458",2020-11-20,88,1,10.73,10.73,10.73,14,10.73
"1459",2020-11-20,96,1,10.73,10.73,10.73,15,10.73
"1460",2020-11-20,104,1,10.73,10.73,10.73,16,10.73
"1461",2020-11-20,124,1,10.73,10.73,10.73,17,10.73
"1462",2020-11-20,148,1,10.73,10.73,10.73,18,10.73
"1463",2020-11-20,168,1,10.48,10.48,10.48,19,10.48
"1464",2020-11-20,180,1,10.48,10.48,10.48,20,10.48
"1465",2020-11-20,184,1,10.48,10.48,10.48,21,10.48
"1466",2020-11-20,196,1,10.48,10.48,10.48,22,10.48
"1467",2020-11-20,216,1,10.48,10.48,10.48,23,10.48
"1468",2020-11-20,232,1,10.48,10.48,10.48,24,10.48
"1469",2020-11-21,0,34,10.6858823529412,10.48,10.73,1,10.605
"1470",2020-11-21,4,1,10.73,10.73,10.73,2,10.73
"1471",2020-11-21,20,1,10.73,10.73,10.73,3,10.73
"1472",2020-11-21,36,2,10.73,10.73,10.73,4,10.73
"1473",2020-11-21,40,1,10.73,10.73,10.73,5,10.73
"1474",2020-11-21,60,1,10.73,10.73,10.73,6,10.73
"1475",2020-11-21,68,1,10.48,10.48,10.48,7,10.48
"1476",2020-11-21,76,1,10.48,10.48,10.48,8,10.48
"1477",2020-11-21,108,2,10.73,10.73,10.73,9,10.73
"1478",2020-11-21,124,1,10.73,10.73,10.73,10,10.73
"1479",2020-11-21,140,1,10.73,10.73,10.73,11,10.73
"1480",2020-11-21,144,2,10.355,10.23,10.48,12,10.355
"1481",2020-11-21,152,1,9.97,9.97,9.97,13,9.97
"1482",2020-11-21,156,1,10.23,10.23,10.23,14,10.23
"1483",2020-11-21,160,2,9.97,9.97,9.97,15,9.97
"1484",2020-11-21,180,1,9.97,9.97,9.97,16,9.97
"1485",2020-11-21,196,1,9.97,9.97,9.97,17,9.97
"1486",2020-11-21,216,1,9.72,9.72,9.72,18,9.72
"1487",2020-11-21,220,1,9.72,9.72,9.72,19,9.72
"1488",2020-11-21,224,1,9.72,9.72,9.72,20,9.72
"1489",2020-11-21,232,2,9.72,9.72,9.72,21,9.72
"1490",2020-11-21,256,1,9.72,9.72,9.72,22,9.72
"1491",2020-11-22,0,29,10.48,10.48,10.48,1,10.48
"1492",2020-11-22,4,4,10.48,10.48,10.48,2,10.48
"1493",2020-11-22,8,2,10.48,10.48,10.48,3,10.48
"1494",2020-11-22,16,1,10.48,10.48,10.48,4,10.48
"1495",2020-11-22,32,2,10.48,10.48,10.48,5,10.48
"1496",2020-11-22,52,1,10.48,10.48,10.48,6,10.48
"1497",2020-11-22,64,1,10.48,10.48,10.48,7,10.48
"1498",2020-11-22,88,2,10.48,10.48,10.48,8,10.48
"1499",2020-11-22,92,1,10.48,10.48,10.48,9,10.48
"1500",2020-11-22,108,1,10.48,10.48,10.48,10,10.48
"1501",2020-11-22,128,1,10.48,10.48,10.48,11,10.48
"1502",2020-11-22,132,1,10.48,10.48,10.48,12,10.48
"1503",2020-11-22,136,1,10.48,10.48,10.48,13,10.48
"1504",2020-11-22,148,2,10.355,10.23,10.48,14,10.355
"1505",2020-11-22,152,3,10.3966666666667,10.23,10.48,15,10.355
"1506",2020-11-22,172,2,10.48,10.48,10.48,16,10.48
"1507",2020-11-22,176,2,10.225,9.97,10.48,17,10.225
"1508",2020-11-22,184,1,10.23,10.23,10.23,18,10.23
"1509",2020-11-22,192,2,10.23,10.23,10.23,19,10.23
"1510",2020-11-22,220,1,9.97,9.97,9.97,20,9.97
"1511",2020-11-23,0,28,10.0610714285714,9.97,10.48,1,10.225
"1512",2020-11-23,4,4,9.97,9.97,9.97,2,9.97
"1513",2020-11-23,8,1,9.97,9.97,9.97,3,9.97
"1514",2020-11-23,12,1,9.97,9.97,9.97,4,9.97
"1515",2020-11-23,16,1,10.48,10.48,10.48,5,10.48
"1516",2020-11-23,20,2,10.225,9.97,10.48,6,10.225
"1517",2020-11-23,24,2,9.97,9.97,9.97,7,9.97
"1518",2020-11-23,36,1,10.23,10.23,10.23,8,10.23
"1519",2020-11-23,56,1,9.97,9.97,9.97,9,9.97
"1520",2020-11-23,64,1,10.23,10.23,10.23,10,10.23
"1521",2020-11-23,88,1,9.97,9.97,9.97,11,9.97
"1522",2020-11-23,96,1,9.97,9.97,9.97,12,9.97
"1523",2020-11-23,124,1,9.97,9.97,9.97,13,9.97
"1524",2020-11-23,128,1,9.97,9.97,9.97,14,9.97
"1525",2020-11-23,144,1,9.97,9.97,9.97,15,9.97
"1526",2020-11-23,156,1,9.46,9.46,9.46,16,9.46
"1527",2020-11-23,164,1,9.97,9.97,9.97,17,9.97
"1528",2020-11-23,168,1,9.97,9.97,9.97,18,9.97
"1529",2020-11-23,176,1,9.97,9.97,9.97,19,9.97
"1530",2020-11-23,184,1,9.72,9.72,9.72,20,9.72
"1531",2020-11-23,208,1,9.46,9.46,9.46,21,9.46
"1532",2020-11-23,220,1,9.46,9.46,9.46,22,9.46
"1533",2020-11-24,0,18,9.91444444444445,9.72,9.97,1,9.845
"1534",2020-11-24,4,12,9.92833333333333,9.72,9.97,2,9.845
"1535",2020-11-24,8,2,9.72,9.72,9.72,3,9.72
"1536",2020-11-24,28,1,9.72,9.72,9.72,4,9.72
"1537",2020-11-24,44,1,9.72,9.72,9.72,5,9.72
"1538",2020-11-24,92,1,9.72,9.72,9.72,6,9.72
"1539",2020-11-24,108,1,9.72,9.72,9.72,7,9.72
"1540",2020-11-24,112,1,9.72,9.72,9.72,8,9.72
"1541",2020-11-24,152,1,9.72,9.72,9.72,9,9.72
"1542",2020-11-25,0,22,9.75409090909091,9.72,9.97,1,9.845
"1543",2020-11-25,4,3,9.88666666666667,9.72,9.97,2,9.845
"1544",2020-11-25,48,1,9.97,9.97,9.97,3,9.97
"1545",2020-11-25,64,2,9.97,9.97,9.97,4,9.97
"1546",2020-11-25,88,1,9.97,9.97,9.97,5,9.97
"1547",2020-11-25,100,1,9.97,9.97,9.97,6,9.97
"1548",2020-11-25,104,1,9.97,9.97,9.97,7,9.97
"1549",2020-11-25,108,2,9.97,9.97,9.97,8,9.97
"1550",2020-11-25,112,1,9.97,9.97,9.97,9,9.97
"1551",2020-11-25,116,1,9.97,9.97,9.97,10,9.97
"1552",2020-11-25,124,1,9.72,9.72,9.72,11,9.72
"1553",2020-11-25,128,1,9.72,9.72,9.72,12,9.72
"1554",2020-11-25,132,2,9.97,9.97,9.97,13,9.97
"1555",2020-11-25,140,1,9.72,9.72,9.72,14,9.72
"1556",2020-11-25,144,1,9.72,9.72,9.72,15,9.72
"1557",2020-11-25,156,2,9.845,9.72,9.97,16,9.845
"1558",2020-11-25,160,2,9.72,9.72,9.72,17,9.72
"1559",2020-11-25,164,4,9.9075,9.72,9.97,18,9.845
"1560",2020-11-25,180,1,9.46,9.46,9.46,19,9.46
"1561",2020-11-25,184,2,9.46,9.46,9.46,20,9.46
"1562",2020-11-25,188,3,9.46,9.46,9.46,21,9.46
"1563",2020-11-25,200,1,9.46,9.46,9.46,22,9.46
"1564",2020-11-25,228,1,9.46,9.46,9.46,23,9.46
"1565",2020-11-25,232,1,9.46,9.46,9.46,24,9.46
"1566",2020-11-25,236,1,9.46,9.46,9.46,25,9.46
"1567",2020-11-25,356,1,9.46,9.46,9.46,26,9.46
"1568",2020-11-26,0,25,9.8504,9.72,10.23,1,9.975
"1569",2020-11-26,4,3,9.88666666666667,9.72,9.97,2,9.845
"1570",2020-11-26,12,1,9.72,9.72,9.72,3,9.72
"1571",2020-11-26,36,1,9.97,9.97,9.97,4,9.97
"1572",2020-11-26,48,3,9.88666666666667,9.72,9.97,5,9.845
"1573",2020-11-26,76,1,9.72,9.72,9.72,6,9.72
"1574",2020-11-26,88,2,9.845,9.72,9.97,7,9.845
"1575",2020-11-26,96,1,9.97,9.97,9.97,8,9.97
"1576",2020-11-26,112,1,9.97,9.97,9.97,9,9.97
"1577",2020-11-26,120,1,9.97,9.97,9.97,10,9.97
"1578",2020-11-26,128,1,9.97,9.97,9.97,11,9.97
"1579",2020-11-26,132,2,9.97,9.97,9.97,12,9.97
"1580",2020-11-26,136,1,9.97,9.97,9.97,13,9.97
"1581",2020-11-26,144,1,9.97,9.97,9.97,14,9.97
"1582",2020-11-26,148,2,9.97,9.97,9.97,15,9.97
"1583",2020-11-26,152,1,9.97,9.97,9.97,16,9.97
"1584",2020-11-26,160,1,9.72,9.72,9.72,17,9.72
"1585",2020-11-26,180,1,9.46,9.46,9.46,18,9.46
"1586",2020-11-26,188,1,9.46,9.46,9.46,19,9.46
"1587",2020-11-26,192,1,9.46,9.46,9.46,20,9.46
"1588",2020-11-26,200,1,9.46,9.46,9.46,21,9.46
"1589",2020-11-27,0,11,9.72,9.72,9.72,1,9.72
"1590",2020-11-27,4,2,9.72,9.72,9.72,2,9.72
"1591",2020-11-27,8,1,9.72,9.72,9.72,3,9.72
"1592",2020-11-27,20,1,9.72,9.72,9.72,4,9.72
"1593",2020-11-27,64,1,9.72,9.72,9.72,5,9.72
"1594",2020-11-27,68,1,9.72,9.72,9.72,6,9.72
"1595",2020-11-27,80,1,9.72,9.72,9.72,7,9.72
"1596",2020-11-27,88,1,9.72,9.72,9.72,8,9.72
"1597",2020-11-27,124,1,9.72,9.72,9.72,9,9.72
"1598",2020-11-27,128,2,9.72,9.72,9.72,10,9.72
"1599",2020-11-27,136,4,9.72,9.72,9.72,11,9.72
"1600",2020-11-27,140,1,9.72,9.72,9.72,12,9.72
"1601",2020-11-27,148,3,9.72,9.72,9.72,13,9.72
"1602",2020-11-27,156,2,9.72,9.72,9.72,14,9.72
"1603",2020-11-27,164,2,9.59,9.46,9.72,15,9.59
"1604",2020-11-27,180,1,9.46,9.46,9.46,16,9.46
"1605",2020-11-27,256,1,9.21,9.21,9.21,17,9.21
"1606",2020-11-28,0,28,9.7375,9.46,9.97,1,9.715
"1607",2020-11-28,4,3,9.72,9.72,9.72,2,9.72
"1608",2020-11-28,12,1,9.72,9.72,9.72,3,9.72
"1609",2020-11-28,40,1,9.72,9.72,9.72,4,9.72
"1610",2020-11-28,56,1,9.72,9.72,9.72,5,9.72
"1611",2020-11-28,92,1,9.72,9.72,9.72,6,9.72
"1612",2020-11-28,100,1,9.72,9.72,9.72,7,9.72
"1613",2020-11-28,104,1,9.72,9.72,9.72,8,9.72
"1614",2020-11-28,108,1,9.46,9.46,9.46,9,9.46
"1615",2020-11-28,116,1,9.72,9.72,9.72,10,9.72
"1616",2020-11-28,132,1,9.72,9.72,9.72,11,9.72
"1617",2020-11-28,140,2,9.72,9.72,9.72,12,9.72
"1618",2020-11-28,148,2,9.72,9.72,9.72,13,9.72
"1619",2020-11-28,152,1,9.72,9.72,9.72,14,9.72
"1620",2020-11-28,156,1,9.72,9.72,9.72,15,9.72
"1621",2020-11-28,160,1,9.72,9.72,9.72,16,9.72
"1622",2020-11-28,168,1,9.72,9.72,9.72,17,9.72
"1623",2020-11-28,172,1,9.72,9.72,9.72,18,9.72
"1624",2020-11-28,176,1,9.72,9.72,9.72,19,9.72
"1625",2020-11-28,180,2,9.72,9.72,9.72,20,9.72
"1626",2020-11-28,188,1,9.72,9.72,9.72,21,9.72
"1627",2020-11-28,200,1,9.46,9.46,9.46,22,9.46
"1628",2020-11-28,204,1,9.46,9.46,9.46,23,9.46
"1629",2020-11-28,212,2,9.46,9.46,9.46,24,9.46
"1630",2020-11-28,224,1,9.46,9.46,9.46,25,9.46
"1631",2020-11-28,228,1,9.46,9.46,9.46,26,9.46
"1632",2020-11-28,376,1,9.21,9.21,9.21,27,9.21
"1633",2020-11-29,0,17,9.44529411764706,9.21,9.46,1,9.335
"1634",2020-11-29,4,5,9.46,9.46,9.46,2,9.46
"1635",2020-11-29,8,2,9.46,9.46,9.46,3,9.46
"1636",2020-11-29,16,1,9.46,9.46,9.46,4,9.46
"1637",2020-11-29,20,1,9.46,9.46,9.46,5,9.46
"1638",2020-11-29,32,1,9.21,9.21,9.21,6,9.21
"1639",2020-11-29,44,1,9.46,9.46,9.46,7,9.46
"1640",2020-11-29,48,1,9.46,9.46,9.46,8,9.46
"1641",2020-11-29,72,2,9.46,9.46,9.46,9,9.46
"1642",2020-11-29,76,1,9.46,9.46,9.46,10,9.46
"1643",2020-11-29,84,1,9.46,9.46,9.46,11,9.46
"1644",2020-11-29,92,1,9.46,9.46,9.46,12,9.46
"1645",2020-11-29,100,2,9.46,9.46,9.46,13,9.46
"1646",2020-11-29,116,2,9.46,9.46,9.46,14,9.46
"1647",2020-11-29,120,1,9.46,9.46,9.46,15,9.46
"1648",2020-11-29,128,2,9.46,9.46,9.46,16,9.46
"1649",2020-11-29,136,1,9.46,9.46,9.46,17,9.46
"1650",2020-11-29,140,1,9.46,9.46,9.46,18,9.46
"1651",2020-11-29,148,2,9.335,9.21,9.46,19,9.335
"1652",2020-11-29,152,3,9.46,9.46,9.46,20,9.46
"1653",2020-11-29,176,1,9.46,9.46,9.46,21,9.46
"1654",2020-11-29,184,2,9.46,9.46,9.46,22,9.46
"1655",2020-11-29,192,1,9.46,9.46,9.46,23,9.46
"1656",2020-11-29,196,2,9.46,9.46,9.46,24,9.46
"1657",2020-11-29,200,1,9.46,9.46,9.46,25,9.46
"1658",2020-11-29,204,2,9.335,9.21,9.46,26,9.335
"1659",2020-11-29,268,1,9.46,9.46,9.46,27,9.46
"1660",2020-11-29,376,1,8.96,8.96,8.96,28,8.96
"1661",2020-11-29,448,1,8.7,8.7,8.7,29,8.7
"1662",2020-11-30,0,33,9.36909090909091,9.21,9.46,1,9.335
"1663",2020-11-30,4,7,9.28142857142857,9.21,9.46,2,9.335
"1664",2020-11-30,60,1,9.21,9.21,9.21,3,9.21
"1665",2020-11-30,88,1,9.21,9.21,9.21,4,9.21
"1666",2020-11-30,108,1,9.21,9.21,9.21,5,9.21
"1667",2020-11-30,136,2,9.085,8.96,9.21,6,9.085
"1668",2020-11-30,144,1,9.21,9.21,9.21,7,9.21
"1669",2020-11-30,156,2,9.085,8.96,9.21,8,9.085
"1670",2020-11-30,172,3,9.21,9.21,9.21,9,9.21
"1671",2020-11-30,176,1,9.21,9.21,9.21,10,9.21
"1672",2020-11-30,184,2,8.96,8.96,8.96,11,8.96
"1673",2020-11-30,188,1,8.96,8.96,8.96,12,8.96
"1674",2020-11-30,192,2,8.96,8.96,8.96,13,8.96
"1675",2020-11-30,196,1,8.96,8.96,8.96,14,8.96
"1676",2020-11-30,228,1,8.96,8.96,8.96,15,8.96
"1677",2020-11-30,268,1,8.45,8.45,8.45,16,8.45
"1678",2020-12-01,0,21,9.11476190476191,8.96,9.46,1,9.21
"1679",2020-12-01,4,7,9.03142857142857,8.96,9.46,2,9.21
"1680",2020-12-01,88,1,9.21,9.21,9.21,3,9.21
"1681",2020-12-01,92,1,9.21,9.21,9.21,4,9.21
"1682",2020-12-01,104,1,8.96,8.96,8.96,5,8.96
"1683",2020-12-01,108,1,8.96,8.96,8.96,6,8.96
"1684",2020-12-01,132,1,9.46,9.46,9.46,7,9.46
"1685",2020-12-01,152,1,9.46,9.46,9.46,8,9.46
"1686",2020-12-01,156,1,8.96,8.96,8.96,9,8.96
"1687",2020-12-01,160,1,9.21,9.21,9.21,10,9.21
"1688",2020-12-01,164,1,9.21,9.21,9.21,11,9.21
"1689",2020-12-01,168,1,9.21,9.21,9.21,12,9.21
"1690",2020-12-01,172,2,8.96,8.96,8.96,13,8.96
"1691",2020-12-01,176,4,9.0225,8.96,9.21,14,9.085
"1692",2020-12-01,184,1,8.96,8.96,8.96,15,8.96
"1693",2020-12-01,188,1,9.21,9.21,9.21,16,9.21
"1694",2020-12-01,192,1,8.96,8.96,8.96,17,8.96
"1695",2020-12-02,0,28,9.3975,9.21,9.46,1,9.335
"1696",2020-12-02,4,4,9.2725,9.21,9.46,2,9.335
"1697",2020-12-02,8,1,9.21,9.21,9.21,3,9.21
"1698",2020-12-02,12,3,9.21,9.21,9.21,4,9.21
"1699",2020-12-02,16,1,9.21,9.21,9.21,5,9.21
"1700",2020-12-02,36,2,9.21,9.21,9.21,6,9.21
"1701",2020-12-02,44,1,9.46,9.46,9.46,7,9.46
"1702",2020-12-02,56,1,9.21,9.21,9.21,8,9.21
"1703",2020-12-02,68,2,9.085,8.96,9.21,9,9.085
"1704",2020-12-02,76,1,8.96,8.96,8.96,10,8.96
"1705",2020-12-02,92,1,9.46,9.46,9.46,11,9.46
"1706",2020-12-02,96,3,9.21,9.21,9.21,12,9.21
"1707",2020-12-02,100,2,9.335,9.21,9.46,13,9.335
"1708",2020-12-02,112,1,9.21,9.21,9.21,14,9.21
"1709",2020-12-02,132,1,8.96,8.96,8.96,15,8.96
"1710",2020-12-02,144,1,9.46,9.46,9.46,16,9.46
"1711",2020-12-02,152,1,9.46,9.46,9.46,17,9.46
"1712",2020-12-02,176,1,8.96,8.96,8.96,18,8.96
"1713",2020-12-02,184,1,9.21,9.21,9.21,19,9.21
"1714",2020-12-02,192,1,9.21,9.21,9.21,20,9.21
"1715",2020-12-02,196,2,9.21,9.21,9.21,21,9.21
"1716",2020-12-03,0,28,9.43607142857143,9.21,9.72,1,9.465
"1717",2020-12-03,4,4,9.4,9.21,9.72,2,9.465
"1718",2020-12-03,8,1,9.21,9.21,9.21,3,9.21
"1719",2020-12-03,20,1,9.46,9.46,9.46,4,9.46
"1720",2020-12-03,24,1,9.46,9.46,9.46,5,9.46
"1721",2020-12-03,28,1,9.46,9.46,9.46,6,9.46
"1722",2020-12-03,40,2,9.335,9.21,9.46,7,9.335
"1723",2020-12-03,52,1,9.46,9.46,9.46,8,9.46
"1724",2020-12-03,56,2,9.46,9.46,9.46,9,9.46
"1725",2020-12-03,60,1,9.21,9.21,9.21,10,9.21
"1726",2020-12-03,76,1,9.46,9.46,9.46,11,9.46
"1727",2020-12-03,108,1,9.46,9.46,9.46,12,9.46
"1728",2020-12-03,128,1,9.46,9.46,9.46,13,9.46
"1729",2020-12-03,144,2,9.335,9.21,9.46,14,9.335
"1730",2020-12-03,160,1,9.21,9.21,9.21,15,9.21
"1731",2020-12-03,168,1,9.46,9.46,9.46,16,9.46
"1732",2020-12-03,176,1,9.46,9.46,9.46,17,9.46
"1733",2020-12-03,184,1,9.21,9.21,9.21,18,9.21
"1734",2020-12-03,188,3,9.29333333333333,9.21,9.46,19,9.335
"1735",2020-12-03,196,3,9.46,9.46,9.46,20,9.46
"1736",2020-12-03,200,1,9.46,9.46,9.46,21,9.46
"1737",2020-12-03,204,1,9.46,9.46,9.46,22,9.46
"1738",2020-12-03,356,1,8.96,8.96,8.96,23,8.96
"1739",2020-12-04,0,29,9.60344827586207,9.21,9.97,1,9.59
"1740",2020-12-04,4,2,9.845,9.72,9.97,2,9.845
"1741",2020-12-04,24,1,9.46,9.46,9.46,3,9.46
"1742",2020-12-04,36,1,9.46,9.46,9.46,4,9.46
"1743",2020-12-04,56,1,9.72,9.72,9.72,5,9.72
"1744",2020-12-04,120,1,9.46,9.46,9.46,6,9.46
"1745",2020-12-04,156,1,9.46,9.46,9.46,7,9.46
"1746",2020-12-04,172,1,9.46,9.46,9.46,8,9.46
"1747",2020-12-04,176,2,9.46,9.46,9.46,9,9.46
"1748",2020-12-04,180,4,9.46,9.46,9.46,10,9.46
"1749",2020-12-04,184,1,9.46,9.46,9.46,11,9.46
"1750",2020-12-04,196,1,9.46,9.46,9.46,12,9.46
"1751",2020-12-04,200,1,9.46,9.46,9.46,13,9.46
"1752",2020-12-05,0,25,9.4636,8.96,9.97,1,9.465
"1753",2020-12-05,4,3,9.46333333333333,9.21,9.97,2,9.59
"1754",2020-12-05,64,2,9.34,8.96,9.72,3,9.34
"1755",2020-12-05,92,1,9.21,9.21,9.21,4,9.21
"1756",2020-12-05,96,1,8.96,8.96,8.96,5,8.96
"1757",2020-12-05,104,2,9.845,9.72,9.97,6,9.845
"1758",2020-12-05,112,1,9.97,9.97,9.97,7,9.97
"1759",2020-12-05,124,1,9.72,9.72,9.72,8,9.72
"1760",2020-12-05,128,1,8.96,8.96,8.96,9,8.96
"1761",2020-12-05,132,1,9.97,9.97,9.97,10,9.97
"1762",2020-12-05,140,1,9.72,9.72,9.72,11,9.72
"1763",2020-12-05,144,1,9.21,9.21,9.21,12,9.21
"1764",2020-12-05,148,1,9.46,9.46,9.46,13,9.46
"1765",2020-12-05,152,1,9.72,9.72,9.72,14,9.72
"1766",2020-12-05,156,2,9.845,9.72,9.97,15,9.845
"1767",2020-12-05,160,3,9.46666666666667,8.96,9.72,16,9.34
"1768",2020-12-05,164,2,9.72,9.72,9.72,17,9.72
"1769",2020-12-05,168,1,9.72,9.72,9.72,18,9.72
"1770",2020-12-05,172,1,9.21,9.21,9.21,19,9.21
"1771",2020-12-05,176,2,9.21,9.21,9.21,20,9.21
"1772",2020-12-06,0,33,9.18060606060606,8.96,9.72,1,9.34
"1773",2020-12-06,4,2,9.34,8.96,9.72,2,9.34
"1774",2020-12-06,44,1,9.97,9.97,9.97,3,9.97
"1775",2020-12-06,52,1,9.21,9.21,9.21,4,9.21
"1776",2020-12-06,84,1,10.23,10.23,10.23,5,10.23
"1777",2020-12-06,88,1,9.72,9.72,9.72,6,9.72
"1778",2020-12-06,96,1,9.72,9.72,9.72,7,9.72
"1779",2020-12-06,104,1,10.23,10.23,10.23,8,10.23
"1780",2020-12-06,120,3,9.72,8.96,10.23,9,9.595
"1781",2020-12-06,124,1,9.72,9.72,9.72,10,9.72
"1782",2020-12-06,148,1,10.23,10.23,10.23,11,10.23
"1783",2020-12-06,152,1,9.72,9.72,9.72,12,9.72
"1784",2020-12-06,156,2,10.23,10.23,10.23,13,10.23
"1785",2020-12-06,160,1,10.23,10.23,10.23,14,10.23
"1786",2020-12-06,172,1,10.23,10.23,10.23,15,10.23
"1787",2020-12-06,176,2,9.845,9.46,10.23,16,9.845
"1788",2020-12-06,180,1,10.23,10.23,10.23,17,10.23
"1789",2020-12-06,188,1,10.23,10.23,10.23,18,10.23
"1790",2020-12-06,192,1,10.23,10.23,10.23,19,10.23
"1791",2020-12-06,212,2,10.23,10.23,10.23,20,10.23
"1792",2020-12-06,228,1,10.23,10.23,10.23,21,10.23
"1793",2020-12-07,0,30,9.244,8.7,9.72,1,9.21
"1794",2020-12-07,4,2,9.085,8.96,9.21,2,9.085
"1795",2020-12-07,68,1,8.7,8.7,8.7,3,8.7
"1796",2020-12-07,92,2,9.34,8.96,9.72,4,9.34
"1797",2020-12-07,100,1,8.7,8.7,8.7,5,8.7
"1798",2020-12-07,112,3,9.71666666666667,8.7,10.73,6,9.715
"1799",2020-12-07,116,1,10.48,10.48,10.48,7,10.48
"1800",2020-12-07,124,1,10.48,10.48,10.48,8,10.48
"1801",2020-12-07,128,1,8.96,8.96,8.96,9,8.96
"1802",2020-12-07,132,1,8.96,8.96,8.96,10,8.96
"1803",2020-12-07,136,1,10.48,10.48,10.48,11,10.48
"1804",2020-12-07,140,2,8.96,8.96,8.96,12,8.96
"1805",2020-12-07,148,1,9.21,9.21,9.21,13,9.21
"1806",2020-12-07,156,4,9.4,8.7,10.48,14,9.59
"1807",2020-12-07,160,1,9.21,9.21,9.21,15,9.21
"1808",2020-12-07,164,1,9.72,9.72,9.72,16,9.72
"1809",2020-12-07,168,1,8.45,8.45,8.45,17,8.45
"1810",2020-12-07,180,1,8.45,8.45,8.45,18,8.45
"1811",2020-12-07,188,2,8.32,8.19,8.45,19,8.32
"1812",2020-12-07,192,1,8.45,8.45,8.45,20,8.45
"1813",2020-12-07,196,1,8.19,8.19,8.19,21,8.19
"1814",2020-12-07,224,1,7.94,7.94,7.94,22,7.94
"1815",2020-12-08,0,13,9.97230769230769,9.46,10.48,1,9.97
"1816",2020-12-08,4,10,9.972,9.46,10.48,2,9.97
"1817",2020-12-08,36,1,9.97,9.97,9.97,3,9.97
"1818",2020-12-08,44,1,10.73,10.73,10.73,4,10.73
"1819",2020-12-08,60,1,10.48,10.48,10.48,5,10.48
"1820",2020-12-08,84,1,10.73,10.73,10.73,6,10.73
"1821",2020-12-08,96,1,9.97,9.97,9.97,7,9.97
"1822",2020-12-08,100,2,10.73,10.73,10.73,8,10.73
"1823",2020-12-08,104,2,9.845,9.72,9.97,9,9.845
"1824",2020-12-08,108,2,9.97,9.97,9.97,10,9.97
"1825",2020-12-08,112,4,10.035,9.72,10.48,11,10.1
"1826",2020-12-08,116,2,10.35,9.97,10.73,12,10.35
"1827",2020-12-08,120,1,10.73,10.73,10.73,13,10.73
"1828",2020-12-08,128,4,10.54,9.97,10.73,14,10.35
"1829",2020-12-08,132,1,10.48,10.48,10.48,15,10.48
"1830",2020-12-08,136,2,10.73,10.73,10.73,16,10.73
"1831",2020-12-08,152,2,10.73,10.73,10.73,17,10.73
"1832",2020-12-08,160,1,10.73,10.73,10.73,18,10.73
"1833",2020-12-08,164,1,10.99,10.99,10.99,19,10.99
"1834",2020-12-08,172,2,10.73,10.73,10.73,20,10.73
"1835",2020-12-08,180,3,10.6466666666667,10.48,10.73,21,10.605
"1836",2020-12-08,192,1,10.48,10.48,10.48,22,10.48
"1837",2020-12-08,196,1,10.73,10.73,10.73,23,10.73
"1838",2020-12-08,204,1,10.48,10.48,10.48,24,10.48
"1839",2020-12-09,0,10,9.462,9.21,9.72,1,9.465
"1840",2020-12-09,4,3,9.54666666666667,9.21,9.97,2,9.59
"1841",2020-12-09,28,1,9.72,9.72,9.72,3,9.72
"1842",2020-12-09,60,1,9.46,9.46,9.46,4,9.46
"1843",2020-12-09,84,2,9.72,9.72,9.72,5,9.72
"1844",2020-12-09,108,1,10.23,10.23,10.23,6,10.23
"1845",2020-12-09,128,1,9.21,9.21,9.21,7,9.21
"1846",2020-12-09,144,1,9.21,9.21,9.21,8,9.21
"1847",2020-12-09,168,2,9.46,9.46,9.46,9,9.46
"1848",2020-12-09,172,2,9.335,9.21,9.46,10,9.335
"1849",2020-12-09,208,1,9.46,9.46,9.46,11,9.46
"1850",2020-12-09,220,1,9.46,9.46,9.46,12,9.46
"1851",2020-12-09,224,1,9.72,9.72,9.72,13,9.72
"1852",2020-12-09,232,1,9.72,9.72,9.72,14,9.72
"1853",2020-12-09,236,1,9.46,9.46,9.46,15,9.46
"1854",2020-12-09,244,1,9.72,9.72,9.72,16,9.72
"1855",2020-12-09,252,1,9.21,9.21,9.21,17,9.21
